<?xml version="1.0" encoding="UTF-8" standalone="yes"?><pages><version>fluig 1.5.9</version><page><code>RAF-Reportes</code><title>Reportes</title><description>Reportes</description><hidden>false</hidden><auth>1</auth><layout>layoutsimple</layout><theme>themedefault</theme><enabledChildren>true</enabledChildren><enabledPathParam>false</enabledPathParam><enabledMobileApp>false</enabledMobileApp><tenantCode>?</tenantCode><editable>true</editable><displayOrder>224</displayOrder><internalPage>false</internalPage><slots><slot><name>SlotInstantSearch</name><widget>suggestsearch</widget><showWidgetTitle>true</showWidgetTitle><permissions><permission><tenantCode>?</tenantCode><code>widgetPageView</code><description>permission.widget.pageview</description><role>user</role></permission><permission><tenantCode>?</tenantCode><code>widgetPageEdit</code><description>permission.widget.pageedit</description><role>admin</role></permission><permission><tenantCode>?</tenantCode><code>widgetPagePermission</code><description>permission.widget.pagepermission</description><role>admin</role></permission></permissions><systemWidget>true</systemWidget><enabledMobileApp>false</enabledMobileApp></slot><slot><name>SlotUsePolicy</name><widget>usepolicy</widget><showWidgetTitle>true</showWidgetTitle><permissions><permission><tenantCode>?</tenantCode><code>widgetPageView</code><description>permission.widget.pageview</description><role>user</role></permission><permission><tenantCode>?</tenantCode><code>widgetPageEdit</code><description>permission.widget.pageedit</description><role>admin</role></permission><permission><tenantCode>?</tenantCode><code>widgetPagePermission</code><description>permission.widget.pagepermission</description><role>admin</role></permission></permissions><systemWidget>true</systemWidget><enabledMobileApp>false</enabledMobileApp></slot><slot><name>SlotMessagingNotify</name><widget>socialmessagingnotify</widget><showWidgetTitle>true</showWidgetTitle><permissions><permission><tenantCode>?</tenantCode><code>widgetPageView</code><description>permission.widget.pageview</description><role>user</role></permission><permission><tenantCode>?</tenantCode><code>widgetPageEdit</code><description>permission.widget.pageedit</description><role>admin</role></permission><permission><tenantCode>?</tenantCode><code>widgetPagePermission</code><description>permission.widget.pagepermission</description><role>admin</role></permission></permissions><systemWidget>true</systemWidget><enabledMobileApp>false</enabledMobileApp></slot><slot><name>SlotLogin</name><widget>sociallogin</widget><showWidgetTitle>true</showWidgetTitle><permissions><permission><tenantCode>?</tenantCode><code>widgetPageView</code><description>permission.widget.pageview</description><role>user</role></permission><permission><tenantCode>?</tenantCode><code>widgetPageEdit</code><description>permission.widget.pageedit</description><role>admin</role></permission><permission><tenantCode>?</tenantCode><code>widgetPagePermission</code><description>permission.widget.pagepermission</description><role>admin</role></permission></permissions><systemWidget>true</systemWidget><enabledMobileApp>false</enabledMobileApp></slot><slot><name>SlotChat</name><widget>socialchat</widget><showWidgetTitle>true</showWidgetTitle><permissions><permission><tenantCode>?</tenantCode><code>widgetPageView</code><description>permission.widget.pageview</description><role>user</role></permission><permission><tenantCode>?</tenantCode><code>widgetPageEdit</code><description>permission.widget.pageedit</description><role>admin</role></permission><permission><tenantCode>?</tenantCode><code>widgetPagePermission</code><description>permission.widget.pagepermission</description><role>admin</role></permission></permissions><systemWidget>true</systemWidget><enabledMobileApp>false</enabledMobileApp></slot><slot><name>SlotAdvancedSearch</name><widget>widget_search</widget><showWidgetTitle>true</showWidgetTitle><permissions><permission><tenantCode>?</tenantCode><code>widgetPageView</code><description>permission.widget.pageview</description><role>user</role></permission><permission><tenantCode>?</tenantCode><code>widgetPageEdit</code><description>permission.widget.pageedit</description><role>admin</role></permission><permission><tenantCode>?</tenantCode><code>widgetPagePermission</code><description>permission.widget.pagepermission</description><role>admin</role></permission></permissions><systemWidget>true</systemWidget><enabledMobileApp>false</enabledMobileApp></slot><slot><name>SlotMenu</name><widget>menu</widget><showWidgetTitle>true</showWidgetTitle><permissions><permission><tenantCode>?</tenantCode><code>widgetPageView</code><description>permission.widget.pageview</description><role>user</role></permission><permission><tenantCode>?</tenantCode><code>widgetPageEdit</code><description>permission.widget.pageedit</description><role>admin</role></permission><permission><tenantCode>?</tenantCode><code>widgetPagePermission</code><description>permission.widget.pagepermission</description><role>admin</role></permission></permissions><systemWidget>true</systemWidget><enabledMobileApp>false</enabledMobileApp></slot><slot><name>SlotGlobalAlert</name><widget>alertpopover</widget><showWidgetTitle>true</showWidgetTitle><permissions><permission><tenantCode>?</tenantCode><code>widgetPageView</code><description>permission.widget.pageview</description><role>user</role></permission><permission><tenantCode>?</tenantCode><code>widgetPageEdit</code><description>permission.widget.pageedit</description><role>admin</role></permission><permission><tenantCode>?</tenantCode><code>widgetPagePermission</code><description>permission.widget.pagepermission</description><role>admin</role></permission></permissions><systemWidget>true</systemWidget><enabledMobileApp>false</enabledMobileApp></slot></slots><datas/><permissions><permission><tenantCode>?</tenantCode><code>pageView</code><description>permission.page.view</description><role>user</role></permission><permission><tenantCode>?</tenantCode><code>pageUpdate</code><description>permission.page.update</description><user>adm</user></permission><permission><tenantCode>?</tenantCode><code>pageRemove</code><description>permission.page.remove</description><user>adm</user></permission></permissions><pages><page><code>RAF06-RequerimientosInformaticos</code><title>Requerimientos Informáticos</title><description>Reporte de Requerimientos Informáticos</description><hidden>false</hidden><auth>1</auth><layout>layoutsimple</layout><theme>themedefault</theme><enabledChildren>false</enabledChildren><enabledPathParam>false</enabledPathParam><enabledMobileApp>false</enabledMobileApp><parentCode>RAF-Reportes</parentCode><tenantCode>?</tenantCode><editable>true</editable><displayOrder>226</displayOrder><internalPage>false</internalPage><slots><slot><name>SlotA</name><widget>iframe</widget><showWidgetTitle>true</showWidgetTitle><preference><key>applicationWidth</key><value></value></preference><preference><key>applicationTitle</key><value>Dirección WEB</value></preference><preference><key>url</key><value>/raf-web/reporteRequerimientoInformatico</value></preference><preference><key>applicationHeight</key><value>700</value></preference><permissions><permission><tenantCode>?</tenantCode><code>widgetPageView</code><description>permission.widget.pageview</description><role>user</role></permission><permission><tenantCode>?</tenantCode><code>widgetPageEdit</code><description>permission.widget.pageedit</description><role>admin</role></permission><permission><tenantCode>?</tenantCode><code>widgetPagePermission</code><description>permission.widget.pagepermission</description><role>admin</role></permission></permissions><systemWidget>false</systemWidget><enabledMobileApp>false</enabledMobileApp></slot><slot><name>SlotAdvancedSearch</name><widget>widget_search</widget><showWidgetTitle>true</showWidgetTitle><permissions><permission><tenantCode>?</tenantCode><code>widgetPageView</code><description>permission.widget.pageview</description><role>user</role></permission><permission><tenantCode>?</tenantCode><code>widgetPageEdit</code><description>permission.widget.pageedit</description><role>admin</role></permission><permission><tenantCode>?</tenantCode><code>widgetPagePermission</code><description>permission.widget.pagepermission</description><role>admin</role></permission></permissions><systemWidget>true</systemWidget><enabledMobileApp>false</enabledMobileApp></slot><slot><name>SlotChat</name><widget>socialchat</widget><showWidgetTitle>true</showWidgetTitle><permissions><permission><tenantCode>?</tenantCode><code>widgetPageView</code><description>permission.widget.pageview</description><role>user</role></permission><permission><tenantCode>?</tenantCode><code>widgetPageEdit</code><description>permission.widget.pageedit</description><role>admin</role></permission><permission><tenantCode>?</tenantCode><code>widgetPagePermission</code><description>permission.widget.pagepermission</description><role>admin</role></permission></permissions><systemWidget>true</systemWidget><enabledMobileApp>false</enabledMobileApp></slot><slot><name>SlotGlobalAlert</name><widget>alertpopover</widget><showWidgetTitle>true</showWidgetTitle><permissions><permission><tenantCode>?</tenantCode><code>widgetPageView</code><description>permission.widget.pageview</description><role>user</role></permission><permission><tenantCode>?</tenantCode><code>widgetPageEdit</code><description>permission.widget.pageedit</description><role>admin</role></permission><permission><tenantCode>?</tenantCode><code>widgetPagePermission</code><description>permission.widget.pagepermission</description><role>admin</role></permission></permissions><systemWidget>true</systemWidget><enabledMobileApp>false</enabledMobileApp></slot><slot><name>SlotInstantSearch</name><widget>suggestsearch</widget><showWidgetTitle>true</showWidgetTitle><permissions><permission><tenantCode>?</tenantCode><code>widgetPageView</code><description>permission.widget.pageview</description><role>user</role></permission><permission><tenantCode>?</tenantCode><code>widgetPageEdit</code><description>permission.widget.pageedit</description><role>admin</role></permission><permission><tenantCode>?</tenantCode><code>widgetPagePermission</code><description>permission.widget.pagepermission</description><role>admin</role></permission></permissions><systemWidget>true</systemWidget><enabledMobileApp>false</enabledMobileApp></slot><slot><name>SlotLogin</name><widget>sociallogin</widget><showWidgetTitle>true</showWidgetTitle><permissions><permission><tenantCode>?</tenantCode><code>widgetPageView</code><description>permission.widget.pageview</description><role>user</role></permission><permission><tenantCode>?</tenantCode><code>widgetPageEdit</code><description>permission.widget.pageedit</description><role>admin</role></permission><permission><tenantCode>?</tenantCode><code>widgetPagePermission</code><description>permission.widget.pagepermission</description><role>admin</role></permission></permissions><systemWidget>true</systemWidget><enabledMobileApp>false</enabledMobileApp></slot><slot><name>SlotMenu</name><widget>menu</widget><showWidgetTitle>true</showWidgetTitle><permissions><permission><tenantCode>?</tenantCode><code>widgetPageView</code><description>permission.widget.pageview</description><role>user</role></permission><permission><tenantCode>?</tenantCode><code>widgetPageEdit</code><description>permission.widget.pageedit</description><role>admin</role></permission><permission><tenantCode>?</tenantCode><code>widgetPagePermission</code><description>permission.widget.pagepermission</description><role>admin</role></permission></permissions><systemWidget>true</systemWidget><enabledMobileApp>false</enabledMobileApp></slot><slot><name>SlotMessagingNotify</name><widget>socialmessagingnotify</widget><showWidgetTitle>true</showWidgetTitle><permissions><permission><tenantCode>?</tenantCode><code>widgetPageView</code><description>permission.widget.pageview</description><role>user</role></permission><permission><tenantCode>?</tenantCode><code>widgetPageEdit</code><description>permission.widget.pageedit</description><role>admin</role></permission><permission><tenantCode>?</tenantCode><code>widgetPagePermission</code><description>permission.widget.pagepermission</description><role>admin</role></permission></permissions><systemWidget>true</systemWidget><enabledMobileApp>false</enabledMobileApp></slot><slot><name>SlotUsePolicy</name><widget>usepolicy</widget><showWidgetTitle>true</showWidgetTitle><permissions><permission><tenantCode>?</tenantCode><code>widgetPageView</code><description>permission.widget.pageview</description><role>user</role></permission><permission><tenantCode>?</tenantCode><code>widgetPageEdit</code><description>permission.widget.pageedit</description><role>admin</role></permission><permission><tenantCode>?</tenantCode><code>widgetPagePermission</code><description>permission.widget.pagepermission</description><role>admin</role></permission></permissions><systemWidget>true</systemWidget><enabledMobileApp>false</enabledMobileApp></slot></slots><datas/><permissions><permission><tenantCode>?</tenantCode><code>pageView</code><description>permission.page.view</description><role>user</role></permission><permission><tenantCode>?</tenantCode><code>pageUpdate</code><description>permission.page.update</description><user>adm</user></permission><permission><tenantCode>?</tenantCode><code>pageRemove</code><description>permission.page.remove</description><user>adm</user></permission></permissions><disableChildLevel>true</disableChildLevel><menuGroup>false</menuGroup></page><page><code>RAF06-ReporteHistoricoLMS</code><title>Histórico LMS</title><description>Reporte Histórico LMS</description><icon>RAF06-ReporteHistoricoLMS.defaultPageIcon.png</icon><hidden>false</hidden><auth>1</auth><layout>layoutsimple</layout><theme>themedefault</theme><enabledChildren>false</enabledChildren><enabledPathParam>false</enabledPathParam><enabledMobileApp>false</enabledMobileApp><parentCode>RAF-Reportes</parentCode><tenantCode>?</tenantCode><editable>true</editable><displayOrder>227</displayOrder><internalPage>false</internalPage><slots><slot><name>SlotInstantSearch</name><widget>suggestsearch</widget><showWidgetTitle>true</showWidgetTitle><permissions><permission><tenantCode>?</tenantCode><code>widgetPageView</code><description>permission.widget.pageview</description><role>user</role></permission><permission><tenantCode>?</tenantCode><code>widgetPageEdit</code><description>permission.widget.pageedit</description><role>admin</role></permission><permission><tenantCode>?</tenantCode><code>widgetPagePermission</code><description>permission.widget.pagepermission</description><role>admin</role></permission></permissions><systemWidget>true</systemWidget><enabledMobileApp>false</enabledMobileApp></slot><slot><name>SlotUsePolicy</name><widget>usepolicy</widget><showWidgetTitle>true</showWidgetTitle><permissions><permission><tenantCode>?</tenantCode><code>widgetPageView</code><description>permission.widget.pageview</description><role>user</role></permission><permission><tenantCode>?</tenantCode><code>widgetPageEdit</code><description>permission.widget.pageedit</description><role>admin</role></permission><permission><tenantCode>?</tenantCode><code>widgetPagePermission</code><description>permission.widget.pagepermission</description><role>admin</role></permission></permissions><systemWidget>true</systemWidget><enabledMobileApp>false</enabledMobileApp></slot><slot><name>SlotMessagingNotify</name><widget>socialmessagingnotify</widget><showWidgetTitle>true</showWidgetTitle><permissions><permission><tenantCode>?</tenantCode><code>widgetPageView</code><description>permission.widget.pageview</description><role>user</role></permission><permission><tenantCode>?</tenantCode><code>widgetPageEdit</code><description>permission.widget.pageedit</description><role>admin</role></permission><permission><tenantCode>?</tenantCode><code>widgetPagePermission</code><description>permission.widget.pagepermission</description><role>admin</role></permission></permissions><systemWidget>true</systemWidget><enabledMobileApp>false</enabledMobileApp></slot><slot><name>SlotLogin</name><widget>sociallogin</widget><showWidgetTitle>true</showWidgetTitle><permissions><permission><tenantCode>?</tenantCode><code>widgetPageView</code><description>permission.widget.pageview</description><role>user</role></permission><permission><tenantCode>?</tenantCode><code>widgetPageEdit</code><description>permission.widget.pageedit</description><role>admin</role></permission><permission><tenantCode>?</tenantCode><code>widgetPagePermission</code><description>permission.widget.pagepermission</description><role>admin</role></permission></permissions><systemWidget>true</systemWidget><enabledMobileApp>false</enabledMobileApp></slot><slot><name>SlotChat</name><widget>socialchat</widget><showWidgetTitle>true</showWidgetTitle><permissions><permission><tenantCode>?</tenantCode><code>widgetPageView</code><description>permission.widget.pageview</description><role>user</role></permission><permission><tenantCode>?</tenantCode><code>widgetPageEdit</code><description>permission.widget.pageedit</description><role>admin</role></permission><permission><tenantCode>?</tenantCode><code>widgetPagePermission</code><description>permission.widget.pagepermission</description><role>admin</role></permission></permissions><systemWidget>true</systemWidget><enabledMobileApp>false</enabledMobileApp></slot><slot><name>SlotAdvancedSearch</name><widget>widget_search</widget><showWidgetTitle>true</showWidgetTitle><permissions><permission><tenantCode>?</tenantCode><code>widgetPageView</code><description>permission.widget.pageview</description><role>user</role></permission><permission><tenantCode>?</tenantCode><code>widgetPageEdit</code><description>permission.widget.pageedit</description><role>admin</role></permission><permission><tenantCode>?</tenantCode><code>widgetPagePermission</code><description>permission.widget.pagepermission</description><role>admin</role></permission></permissions><systemWidget>true</systemWidget><enabledMobileApp>false</enabledMobileApp></slot><slot><name>SlotMenu</name><widget>menu</widget><showWidgetTitle>true</showWidgetTitle><permissions><permission><tenantCode>?</tenantCode><code>widgetPageView</code><description>permission.widget.pageview</description><role>user</role></permission><permission><tenantCode>?</tenantCode><code>widgetPageEdit</code><description>permission.widget.pageedit</description><role>admin</role></permission><permission><tenantCode>?</tenantCode><code>widgetPagePermission</code><description>permission.widget.pagepermission</description><role>admin</role></permission></permissions><systemWidget>true</systemWidget><enabledMobileApp>false</enabledMobileApp></slot><slot><name>SlotGlobalAlert</name><widget>alertpopover</widget><showWidgetTitle>true</showWidgetTitle><permissions><permission><tenantCode>?</tenantCode><code>widgetPageView</code><description>permission.widget.pageview</description><role>user</role></permission><permission><tenantCode>?</tenantCode><code>widgetPageEdit</code><description>permission.widget.pageedit</description><role>admin</role></permission><permission><tenantCode>?</tenantCode><code>widgetPagePermission</code><description>permission.widget.pagepermission</description><role>admin</role></permission></permissions><systemWidget>true</systemWidget><enabledMobileApp>false</enabledMobileApp></slot><slot><name>SlotA</name><widget>iframe</widget><showWidgetTitle>true</showWidgetTitle><preference><key>applicationTitle</key><value>Dirección WEB</value></preference><preference><key>url</key><value>/raf-web/reporteHistoricoLMS</value></preference><preference><key>applicationWidth</key><value></value></preference><preference><key>applicationHeight</key><value>700</value></preference><permissions><permission><tenantCode>?</tenantCode><code>widgetPageView</code><description>permission.widget.pageview</description><role>user</role></permission><permission><tenantCode>?</tenantCode><code>widgetPageEdit</code><description>permission.widget.pageedit</description><role>admin</role></permission><permission><tenantCode>?</tenantCode><code>widgetPagePermission</code><description>permission.widget.pagepermission</description><role>admin</role></permission></permissions><systemWidget>false</systemWidget><enabledMobileApp>false</enabledMobileApp></slot></slots><datas/><permissions><permission><tenantCode>?</tenantCode><code>pageView</code><description>permission.page.view</description><role>user</role></permission><permission><tenantCode>?</tenantCode><code>pageUpdate</code><description>permission.page.update</description><user>adm</user></permission><permission><tenantCode>?</tenantCode><code>pageRemove</code><description>permission.page.remove</description><user>adm</user></permission></permissions><disableChildLevel>true</disableChildLevel><menuGroup>false</menuGroup></page></pages><disableChildLevel>false</disableChildLevel><menuGroup>true</menuGroup></page></pages>