<?xml version="1.0" encoding="UTF-8"?> 
<java version="1.6.0_26" class="java.beans.XMLDecoder"> 
 <object class="java.util.ArrayList"> 
  <void method="add"> 
   <object class="com.datasul.technology.webdesk.workflow.model.ProcessDefinition"> 
    <void property="active"> 
     <boolean>true</boolean> 
    </void> 
    <void property="baseDay"> 
     <int>0</int> 
    </void> 
    <void property="baseMonth"> 
     <int>0</int> 
    </void> 
    <void property="categoryId"> 
     <string>Registro de Consultas</string> 
    </void> 
    <void property="instruction"> 
     <string></string> 
    </void> 
    <void property="managerEngineAllocationConfiguration"> 
     <string>&lt;AssociatedController ConditionAssociated=&apos;OR&apos;&gt;&lt;ControlXML TypeAssociated=&quot;Usuário&quot;&gt;
  &lt;AssignmentController&gt;
    &lt;User&gt;029&lt;/User&gt;
  &lt;/AssignmentController&gt;
&lt;/ControlXML&gt;&lt;ControlXML TypeAssociated=&quot;Usuário&quot;&gt;
  &lt;AssignmentController&gt;
    &lt;User&gt;031&lt;/User&gt;
  &lt;/AssignmentController&gt;
&lt;/ControlXML&gt;&lt;ControlXML TypeAssociated=&quot;Usuário&quot;&gt;
  &lt;AssignmentController&gt;
    &lt;User&gt;032&lt;/User&gt;
  &lt;/AssignmentController&gt;
&lt;/ControlXML&gt;&lt;ControlXML TypeAssociated=&quot;Usuário&quot;&gt;
  &lt;AssignmentController&gt;
    &lt;User&gt;procesobpm&lt;/User&gt;
  &lt;/AssignmentController&gt;
&lt;/ControlXML&gt;&lt;ControlXML TypeAssociated=&apos;Usuário&apos;&gt;&lt;AssignmentController&gt;&lt;User&gt;065&lt;/User&gt;&lt;/AssignmentController&gt;&lt;/ControlXML&gt;&lt;/AssociatedController&gt;</string> 
    </void> 
    <void property="managerEngineAllocationId"> 
     <string>Associado</string> 
    </void> 
    <void property="periodId"> 
     <string>Default</string> 
    </void> 
    <void property="processDefinitionPK"> 
     <object class="com.datasul.technology.webdesk.workflow.model.ProcessDefinitionPK"> 
      <void property="companyId"> 
       <int>1</int> 
      </void> 
      <void property="processId"> 
       <string>RAF04</string> 
      </void> 
     </object> 
    </void> 
    <void property="processDescription"> 
     <string>RAF-Atención de Consultas</string> 
    </void> 
    <void property="publicProcess"> 
     <boolean>false</boolean> 
    </void> 
    <void property="snapshotFrequency"> 
     <int>1</int> 
    </void> 
    <void property="volumeId"> 
     <string>Default</string> 
    </void> 
   </object> 
  </void> 
  <void method="add"> 
   <object class="com.datasul.technology.webdesk.workflow.model.ProcessDefinitionVersion"> 
    <void property="active"> 
     <boolean>true</boolean> 
    </void> 
    <void property="editionMode"> 
     <boolean>false</boolean> 
    </void> 
    <void property="formId"> 
     <int>2603</int> 
    </void> 
    <void property="processDefinitionVersionPK"> 
     <object class="com.datasul.technology.webdesk.workflow.model.ProcessDefinitionVersionPK"> 
      <void property="companyId"> 
       <int>1</int> 
      </void> 
      <void property="processId"> 
       <string>RAF04</string> 
      </void> 
      <void property="version"> 
       <int>26</int> 
      </void> 
     </object> 
    </void> 
    <void property="updateAttachmentsVersion"> 
     <boolean>true</boolean> 
    </void> 
    <void property="versionDescription"> 
     <string>Nueva Versión.</string> 
    </void> 
   </object> 
  </void> 
  <void method="add"> 
   <object class="java.util.ArrayList"> 
    <void method="add"> 
     <object class="com.datasul.technology.webdesk.workflow.model.ProcessState"> 
      <void property="engineAllocationConfiguration"> 
       <string>&lt;AssignmentController&gt;&lt;User&gt;adm&lt;/User&gt;&lt;/AssignmentController&gt;</string> 
      </void> 
      <void property="engineAllocationId"> 
       <string>Usuário</string> 
      </void> 
      <void property="inhibitTransfer"> 
       <boolean>false</boolean> 
      </void> 
      <void property="initialState"> 
       <boolean>true</boolean> 
      </void> 
      <void property="instruction"> 
       <string></string> 
      </void> 
      <void property="joint"> 
       <boolean>false</boolean> 
      </void> 
      <void property="notifyAuthorityDelay"> 
       <boolean>false</boolean> 
      </void> 
      <void property="notifyAuthorityFollowUp"> 
       <boolean>false</boolean> 
      </void> 
      <void property="notifyManagerDelay"> 
       <boolean>false</boolean> 
      </void> 
      <void property="notifyManagerFollowUp"> 
       <boolean>false</boolean> 
      </void> 
      <void property="notifyPoolFollowUp"> 
       <boolean>false</boolean> 
      </void> 
      <void property="notifyRequisitionerDelay"> 
       <boolean>false</boolean> 
      </void> 
      <void property="notifyRequisitionerFollowUp"> 
       <boolean>false</boolean> 
      </void> 
      <void property="periodId"> 
       <string></string> 
      </void> 
      <void property="positionX"> 
       <int>77</int> 
      </void> 
      <void property="positionY"> 
       <int>273</int> 
      </void> 
      <void property="processStatePK"> 
       <object class="com.datasul.technology.webdesk.workflow.model.ProcessStatePK"> 
        <void property="companyId"> 
         <int>1</int> 
        </void> 
        <void property="processId"> 
         <string>RAF04</string> 
        </void> 
        <void property="sequence"> 
         <int>1</int> 
        </void> 
        <void property="version"> 
         <int>26</int> 
        </void> 
       </object> 
      </void> 
      <void property="stateDescription"> 
       <string>Iniciar Consulta</string> 
      </void> 
      <void property="stateName"> 
       <string>Iniciar Consulta</string> 
      </void> 
      <void property="subProcessId"> 
       <string></string> 
      </void> 
      <void property="transferAttachments"> 
       <boolean>false</boolean> 
      </void> 
     </object> 
    </void> 
    <void method="add"> 
     <object class="com.datasul.technology.webdesk.workflow.model.ProcessState"> 
      <void property="deadlineHours"> 
       <int>8</int> 
      </void> 
      <void property="engineAllocationConfiguration"> 
       <string>&lt;AssignmentController&gt;&lt;Group&gt;RC_ATE_FCIA&lt;/Group&gt;&lt;/AssignmentController&gt;</string> 
      </void> 
      <void property="engineAllocationId"> 
       <string>Pool Grupo</string> 
      </void> 
      <void property="frequenceAuthorityHours"> 
       <int>8</int> 
      </void> 
      <void property="inhibitTransfer"> 
       <boolean>false</boolean> 
      </void> 
      <void property="initialState"> 
       <boolean>false</boolean> 
      </void> 
      <void property="instruction"> 
       <string>&lt;ul&gt;&lt;li&gt;Adjuntos y Observaciones - Los adjuntos y las observaciones para que sean visualizadas en el mail que recibe el pool, deberán ser cargados en la pantalla Atención de Consultas. &lt;/li&gt;
&lt;li&gt;Adjuntar un documento - Ir a la solapa Adjuntos y elegir las opciones “Nuevo Adjunto Upload” – “Upload”,  seleccionar el documento y elegir la opción “Confirmar”. Vuelve a comenzar el circuito.&lt;/li&gt;
&lt;li&gt;Cargar una observación - Ir a la solapa Observaciones y cargar la misma.&lt;/li&gt;
&lt;li&gt;“Salvar” o “Cerrar” – Si eligió dicha opción,  la consulta se podrá visualizar dirigiéndose a la pantalla de Inicio - Procesos – Central de Tareas – Tareas a Concluir. Si elige la opción “Cerrar” los datos cargados o modificados se perderán. &lt;/li&gt;&lt;/ul&gt;</string> 
      </void> 
      <void property="joint"> 
       <boolean>false</boolean> 
      </void> 
      <void property="notifyAuthorityDelay"> 
       <boolean>true</boolean> 
      </void> 
      <void property="notifyAuthorityFollowUp"> 
       <boolean>true</boolean> 
      </void> 
      <void property="notifyManagerDelay"> 
       <boolean>false</boolean> 
      </void> 
      <void property="notifyManagerFollowUp"> 
       <boolean>false</boolean> 
      </void> 
      <void property="notifyPoolFollowUp"> 
       <boolean>false</boolean> 
      </void> 
      <void property="notifyRequisitionerDelay"> 
       <boolean>false</boolean> 
      </void> 
      <void property="notifyRequisitionerFollowUp"> 
       <boolean>false</boolean> 
      </void> 
      <void property="periodId"> 
       <string></string> 
      </void> 
      <void property="positionX"> 
       <int>224</int> 
      </void> 
      <void property="positionY"> 
       <int>266</int> 
      </void> 
      <void property="processStatePK"> 
       <object class="com.datasul.technology.webdesk.workflow.model.ProcessStatePK"> 
        <void property="companyId"> 
         <int>1</int> 
        </void> 
        <void property="processId"> 
         <string>RAF04</string> 
        </void> 
        <void property="sequence"> 
         <int>2</int> 
        </void> 
        <void property="version"> 
         <int>26</int> 
        </void> 
       </object> 
      </void> 
      <void property="selectColleague"> 
       <int>1</int> 
      </void> 
      <void property="stateDescription"> 
       <string>Corregir Datos</string> 
      </void> 
      <void property="stateName"> 
       <string>Corregir Datos</string> 
      </void> 
      <void property="subProcessId"> 
       <string></string> 
      </void> 
      <void property="transferAttachments"> 
       <boolean>false</boolean> 
      </void> 
     </object> 
    </void> 
    <void method="add"> 
     <object class="com.datasul.technology.webdesk.workflow.model.ProcessState"> 
      <void property="deadlineHours"> 
       <int>8</int> 
      </void> 
      <void property="engineAllocationConfiguration"> 
       <string>&lt;AssignmentController&gt;&lt;Group&gt;RC_ROR_FCIA&lt;/Group&gt;&lt;/AssignmentController&gt;</string> 
      </void> 
      <void property="engineAllocationId"> 
       <string>Pool Grupo</string> 
      </void> 
      <void property="frequenceAuthorityHours"> 
       <int>8</int> 
      </void> 
      <void property="inhibitTransfer"> 
       <boolean>false</boolean> 
      </void> 
      <void property="initialState"> 
       <boolean>false</boolean> 
      </void> 
      <void property="instruction"> 
       <string>&lt;ul&gt;&lt;li&gt;Complementar Consulta – permite devolver la consulta a la persona que lo atendio. Se podrá ingresar en la solapa Observaciones algún comentario y luego elegir las opciones &quot;Complementar Consulta&quot; – &quot;Enviar&quot;.&lt;/li&gt;
&lt;li&gt;Corregir Datos – Permite devolver la consulta al asistente de Farmacovigilancia. Ingresar en la solapa Observaciones el dato corregir y elegir las opciones &quot;Corregir Datos&quot; – &quot;Enviar&quot;. Vuelve a comenzar el circuito.&lt;/li&gt;
&lt;li&gt;Transfer -  Permite devolver al pool la consulta, elegir las opciones &quot;Transfer&quot; – selecionar el pool en el campo “Nombre” y &quot;Enviar&quot;.&lt;/li&gt;
&lt;li&gt;Adjuntar un documento - Ir a la solapa Adjuntos y elegir las opciones “Nuevo Adjunto Upload” – “Upload”,  seleccionar el documento y elegir la opción “Confirmar”. &lt;/li&gt;
&lt;li&gt;“Salvar” o “Cerrar” – Si eligió dicha opción,  la consulta se podrá visualizar dirigiéndose a la pantalla de Inicio - Procesos – Central de Tareas – Tareas a Concluir. Si elige la opción “Cerrar” los datos cargados o modificados se perderán.&lt;/li&gt;&lt;/ul&gt;</string> 
      </void> 
      <void property="joint"> 
       <boolean>false</boolean> 
      </void> 
      <void property="notifyAuthorityDelay"> 
       <boolean>true</boolean> 
      </void> 
      <void property="notifyAuthorityFollowUp"> 
       <boolean>true</boolean> 
      </void> 
      <void property="notifyManagerDelay"> 
       <boolean>false</boolean> 
      </void> 
      <void property="notifyManagerFollowUp"> 
       <boolean>false</boolean> 
      </void> 
      <void property="notifyPoolFollowUp"> 
       <boolean>false</boolean> 
      </void> 
      <void property="notifyRequisitionerDelay"> 
       <boolean>false</boolean> 
      </void> 
      <void property="notifyRequisitionerFollowUp"> 
       <boolean>false</boolean> 
      </void> 
      <void property="periodId"> 
       <string></string> 
      </void> 
      <void property="positionX"> 
       <int>837</int> 
      </void> 
      <void property="positionY"> 
       <int>427</int> 
      </void> 
      <void property="processStatePK"> 
       <object class="com.datasul.technology.webdesk.workflow.model.ProcessStatePK"> 
        <void property="companyId"> 
         <int>1</int> 
        </void> 
        <void property="processId"> 
         <string>RAF04</string> 
        </void> 
        <void property="sequence"> 
         <int>3</int> 
        </void> 
        <void property="version"> 
         <int>26</int> 
        </void> 
       </object> 
      </void> 
      <void property="selectColleague"> 
       <int>1</int> 
      </void> 
      <void property="stateDescription"> 
       <string>Revisar Consulta</string> 
      </void> 
      <void property="stateName"> 
       <string>Revisar Consulta</string> 
      </void> 
      <void property="subProcessId"> 
       <string></string> 
      </void> 
      <void property="transferAttachments"> 
       <boolean>false</boolean> 
      </void> 
     </object> 
    </void> 
    <void method="add"> 
     <object class="com.datasul.technology.webdesk.workflow.model.ProcessState"> 
      <void property="engineAllocationConfiguration"> 
       <string></string> 
      </void> 
      <void property="engineAllocationId"> 
       <string></string> 
      </void> 
      <void property="inhibitTransfer"> 
       <boolean>false</boolean> 
      </void> 
      <void property="initialState"> 
       <boolean>false</boolean> 
      </void> 
      <void property="instruction"> 
       <string></string> 
      </void> 
      <void property="joint"> 
       <boolean>false</boolean> 
      </void> 
      <void property="notifyAuthorityDelay"> 
       <boolean>false</boolean> 
      </void> 
      <void property="notifyAuthorityFollowUp"> 
       <boolean>false</boolean> 
      </void> 
      <void property="notifyManagerDelay"> 
       <boolean>false</boolean> 
      </void> 
      <void property="notifyManagerFollowUp"> 
       <boolean>false</boolean> 
      </void> 
      <void property="notifyPoolFollowUp"> 
       <boolean>false</boolean> 
      </void> 
      <void property="notifyRequisitionerDelay"> 
       <boolean>false</boolean> 
      </void> 
      <void property="notifyRequisitionerFollowUp"> 
       <boolean>false</boolean> 
      </void> 
      <void property="periodId"> 
       <string></string> 
      </void> 
      <void property="positionX"> 
       <int>1113</int> 
      </void> 
      <void property="positionY"> 
       <int>432</int> 
      </void> 
      <void property="processStatePK"> 
       <object class="com.datasul.technology.webdesk.workflow.model.ProcessStatePK"> 
        <void property="companyId"> 
         <int>1</int> 
        </void> 
        <void property="processId"> 
         <string>RAF04</string> 
        </void> 
        <void property="sequence"> 
         <int>4</int> 
        </void> 
        <void property="version"> 
         <int>26</int> 
        </void> 
       </object> 
      </void> 
      <void property="stateDescription"> 
       <string>Consulta Cerrada</string> 
      </void> 
      <void property="stateName"> 
       <string>Consulta Cerrada</string> 
      </void> 
      <void property="subProcessId"> 
       <string></string> 
      </void> 
      <void property="transferAttachments"> 
       <boolean>false</boolean> 
      </void> 
     </object> 
    </void> 
    <void method="add"> 
     <object class="com.datasul.technology.webdesk.workflow.model.ProcessState"> 
      <void property="deadlineHours"> 
       <int>8</int> 
      </void> 
      <void property="engineAllocationConfiguration"> 
       <string>&lt;AssignmentController&gt;&lt;BaseActivity&gt;6&lt;/BaseActivity&gt;&lt;Returns&gt;Last&lt;/Returns&gt;&lt;/AssignmentController&gt;</string> 
      </void> 
      <void property="engineAllocationId"> 
       <string>Executor Atividade</string> 
      </void> 
      <void property="frequenceAuthorityHours"> 
       <int>8</int> 
      </void> 
      <void property="inhibitTransfer"> 
       <boolean>false</boolean> 
      </void> 
      <void property="initialState"> 
       <boolean>false</boolean> 
      </void> 
      <void property="instruction"> 
       <string>&lt;ul&gt;&lt;li&gt;Adjuntar un documento - Ir a la solapa Adjuntos y elegir las opciones “Nuevo Adjunto Upload” – “Upload”,  seleccionar el documento y elegir la opción “Confirmar”. Vuelve a comenzar el circuito.&lt;/li&gt;
&lt;li&gt;Cargar una observación - Ir a la solapa Observaciones y cargar la misma.&lt;/li&gt;
&lt;li&gt;“Salvar” o “Cerrar” – Si eligió dicha opción,  la consulta se podrá visualizar dirigiéndose a la pantalla de Inicio - Procesos – Central de Tareas – Tareas a Concluir. Si elige la opción “Cerrar” los datos cargados o modificados se perderán. &lt;/li&gt;&lt;/ul&gt;</string> 
      </void> 
      <void property="joint"> 
       <boolean>false</boolean> 
      </void> 
      <void property="notifyAuthorityDelay"> 
       <boolean>true</boolean> 
      </void> 
      <void property="notifyAuthorityFollowUp"> 
       <boolean>true</boolean> 
      </void> 
      <void property="notifyManagerDelay"> 
       <boolean>false</boolean> 
      </void> 
      <void property="notifyManagerFollowUp"> 
       <boolean>false</boolean> 
      </void> 
      <void property="notifyPoolFollowUp"> 
       <boolean>false</boolean> 
      </void> 
      <void property="notifyRequisitionerDelay"> 
       <boolean>false</boolean> 
      </void> 
      <void property="notifyRequisitionerFollowUp"> 
       <boolean>false</boolean> 
      </void> 
      <void property="periodId"> 
       <string></string> 
      </void> 
      <void property="positionX"> 
       <int>813</int> 
      </void> 
      <void property="positionY"> 
       <int>80</int> 
      </void> 
      <void property="processStatePK"> 
       <object class="com.datasul.technology.webdesk.workflow.model.ProcessStatePK"> 
        <void property="companyId"> 
         <int>1</int> 
        </void> 
        <void property="processId"> 
         <string>RAF04</string> 
        </void> 
        <void property="sequence"> 
         <int>5</int> 
        </void> 
        <void property="version"> 
         <int>26</int> 
        </void> 
       </object> 
      </void> 
      <void property="selectColleague"> 
       <int>1</int> 
      </void> 
      <void property="stateDescription"> 
       <string>Complementar Consulta</string> 
      </void> 
      <void property="stateName"> 
       <string>Complementar Consulta</string> 
      </void> 
      <void property="subProcessId"> 
       <string></string> 
      </void> 
      <void property="transferAttachments"> 
       <boolean>false</boolean> 
      </void> 
     </object> 
    </void> 
    <void method="add"> 
     <object class="com.datasul.technology.webdesk.workflow.model.ProcessState"> 
      <void property="deadlineHours"> 
       <int>8</int> 
      </void> 
      <void property="engineAllocationConfiguration"> 
       <string>&lt;AssignmentController&gt;&lt;FormField&gt;derivacionCodigoGrupo&lt;/FormField&gt;&lt;/AssignmentController&gt;</string> 
      </void> 
      <void property="engineAllocationId"> 
       <string>Campo Formulário</string> 
      </void> 
      <void property="frequenceAuthorityHours"> 
       <int>8</int> 
      </void> 
      <void property="inhibitTransfer"> 
       <boolean>false</boolean> 
      </void> 
      <void property="initialState"> 
       <boolean>false</boolean> 
      </void> 
      <void property="instruction"> 
       <string>&lt;ul&gt;&lt;li&gt;Corregir Datos – Permite devolver la consulta al asistente de Farmacovigilancia. Ingresar en la solapa Observaciones el dato a corregir y elegir las opciones &quot;Corregir Datos&quot; – &quot;Enviar&quot;.&lt;/li&gt;
&lt;li&gt;Derivar – permite derivar la consulta a otro sector. Se podra ingresar en la solapa Observaciones algún comentario, elegir en el campo “Grupo derivación” la nueva area a derivar  y elegir las opciones “Derivar” – “Enviar”.&lt;/li&gt;
&lt;li&gt;Transfer -  Permite devolver al pool la consulta, elegir las opciones &quot;Transfer&quot; – selecionar el pool en el campo “Nombre” y &quot;Enviar&quot;. &lt;/li&gt;
&lt;li&gt;Adjuntar un documento - Ir a la solapa Adjuntos y elegir las opciones “Nuevo Adjunto Upload” – “Upload”,  seleccionar el documento y elegir la opción “Confirmar”.&lt;/li&gt;
&lt;li&gt;Cargar Observación - Ir a la solapa Observaciones y cargar la misma.&lt;/li&gt;
&lt;li&gt;“Salvar” o “Cerrar” – Si eligió dicha opción,  la consulta se podrá visualizar dirigiéndose a la pantalla de Inicio - Procesos – Central de Tareas – Tareas a Concluir. Si elige la opción “Cerrar” los datos cargados o modificados se perderán.&lt;/li&gt;&lt;/ul&gt;</string> 
      </void> 
      <void property="joint"> 
       <boolean>false</boolean> 
      </void> 
      <void property="notifyAuthorityDelay"> 
       <boolean>true</boolean> 
      </void> 
      <void property="notifyAuthorityFollowUp"> 
       <boolean>true</boolean> 
      </void> 
      <void property="notifyManagerDelay"> 
       <boolean>false</boolean> 
      </void> 
      <void property="notifyManagerFollowUp"> 
       <boolean>false</boolean> 
      </void> 
      <void property="notifyPoolFollowUp"> 
       <boolean>false</boolean> 
      </void> 
      <void property="notifyRequisitionerDelay"> 
       <boolean>false</boolean> 
      </void> 
      <void property="notifyRequisitionerFollowUp"> 
       <boolean>false</boolean> 
      </void> 
      <void property="periodId"> 
       <string></string> 
      </void> 
      <void property="positionX"> 
       <int>215</int> 
      </void> 
      <void property="positionY"> 
       <int>75</int> 
      </void> 
      <void property="processStatePK"> 
       <object class="com.datasul.technology.webdesk.workflow.model.ProcessStatePK"> 
        <void property="companyId"> 
         <int>1</int> 
        </void> 
        <void property="processId"> 
         <string>RAF04</string> 
        </void> 
        <void property="sequence"> 
         <int>6</int> 
        </void> 
        <void property="version"> 
         <int>26</int> 
        </void> 
       </object> 
      </void> 
      <void property="selectColleague"> 
       <int>1</int> 
      </void> 
      <void property="stateDescription"> 
       <string>Atender Consulta</string> 
      </void> 
      <void property="stateName"> 
       <string>Atender Consulta</string> 
      </void> 
      <void property="subProcessId"> 
       <string></string> 
      </void> 
      <void property="transferAttachments"> 
       <boolean>false</boolean> 
      </void> 
     </object> 
    </void> 
    <void method="add"> 
     <object class="com.datasul.technology.webdesk.workflow.model.ProcessState"> 
      <void property="automatic"> 
       <boolean>true</boolean> 
      </void> 
      <void property="engineAllocationConfiguration"> 
       <string></string> 
      </void> 
      <void property="engineAllocationId"> 
       <string></string> 
      </void> 
      <void property="inhibitTransfer"> 
       <boolean>false</boolean> 
      </void> 
      <void property="initialState"> 
       <boolean>false</boolean> 
      </void> 
      <void property="instruction"> 
       <string></string> 
      </void> 
      <void property="joint"> 
       <boolean>false</boolean> 
      </void> 
      <void property="notifyAuthorityDelay"> 
       <boolean>false</boolean> 
      </void> 
      <void property="notifyAuthorityFollowUp"> 
       <boolean>false</boolean> 
      </void> 
      <void property="notifyManagerDelay"> 
       <boolean>false</boolean> 
      </void> 
      <void property="notifyManagerFollowUp"> 
       <boolean>false</boolean> 
      </void> 
      <void property="notifyPoolFollowUp"> 
       <boolean>false</boolean> 
      </void> 
      <void property="notifyRequisitionerDelay"> 
       <boolean>false</boolean> 
      </void> 
      <void property="notifyRequisitionerFollowUp"> 
       <boolean>false</boolean> 
      </void> 
      <void property="periodId"> 
       <string></string> 
      </void> 
      <void property="positionX"> 
       <int>548</int> 
      </void> 
      <void property="positionY"> 
       <int>18</int> 
      </void> 
      <void property="processStatePK"> 
       <object class="com.datasul.technology.webdesk.workflow.model.ProcessStatePK"> 
        <void property="companyId"> 
         <int>1</int> 
        </void> 
        <void property="processId"> 
         <string>RAF04</string> 
        </void> 
        <void property="sequence"> 
         <int>7</int> 
        </void> 
        <void property="version"> 
         <int>26</int> 
        </void> 
       </object> 
      </void> 
      <void property="stateDescription"> 
       <string>Derivar Consulta</string> 
      </void> 
      <void property="stateName"> 
       <string>Derivar Consulta</string> 
      </void> 
      <void property="subProcessId"> 
       <string></string> 
      </void> 
      <void property="transferAttachments"> 
       <boolean>false</boolean> 
      </void> 
     </object> 
    </void> 
   </object> 
  </void> 
  <void method="add"> 
   <object class="java.util.ArrayList"> 
    <void method="add"> 
     <object class="com.datasul.technology.webdesk.workflow.model.ConditionProcessState"> 
      <void property="condition"> 
       <string>true</string> 
      </void> 
      <void property="conditionProcessStatePK"> 
       <object class="com.datasul.technology.webdesk.workflow.model.ConditionProcessStatePK"> 
        <void property="companyId"> 
         <int>1</int> 
        </void> 
        <void property="expressionOrder"> 
         <int>1</int> 
        </void> 
        <void property="processId"> 
         <string>RAF04</string> 
        </void> 
        <void property="sequence"> 
         <int>7</int> 
        </void> 
        <void property="version"> 
         <int>26</int> 
        </void> 
       </object> 
      </void> 
      <void property="destinationSequenceId"> 
       <int>6</int> 
      </void> 
      <void property="engineAllocationConfiguration"> 
       <string>&lt;AssignmentController&gt;&lt;FormField&gt;derivacionCodigoGrupo&lt;/FormField&gt;&lt;/AssignmentController&gt;</string> 
      </void> 
      <void property="engineAllocationId"> 
       <string>Campo Formulário</string> 
      </void> 
     </object> 
    </void> 
   </object> 
  </void> 
  <void method="add"> 
   <object class="java.util.ArrayList"> 
    <void method="add"> 
     <object class="com.datasul.technology.webdesk.workflow.model.ProcessLink"> 
      <void property="actionLabel"> 
       <string> </string> 
      </void> 
      <void property="finalStateSequence"> 
       <int>6</int> 
      </void> 
      <void property="initialStateSequence"> 
       <int>1</int> 
      </void> 
      <void property="processLinkPK"> 
       <object class="com.datasul.technology.webdesk.workflow.model.ProcessLinkPK"> 
        <void property="companyId"> 
         <int>1</int> 
        </void> 
        <void property="linkSequence"> 
         <int>2</int> 
        </void> 
        <void property="processId"> 
         <string>RAF04</string> 
        </void> 
        <void property="version"> 
         <int>26</int> 
        </void> 
       </object> 
      </void> 
      <void property="returnLabel"> 
       <string> </string> 
      </void> 
      <void property="returnPermited"> 
       <boolean>false</boolean> 
      </void> 
     </object> 
    </void> 
    <void method="add"> 
     <object class="com.datasul.technology.webdesk.workflow.model.ProcessLink"> 
      <void property="actionLabel"> 
       <string> </string> 
      </void> 
      <void property="finalStateSequence"> 
       <int>3</int> 
      </void> 
      <void property="initialStateSequence"> 
       <int>5</int> 
      </void> 
      <void property="processLinkPK"> 
       <object class="com.datasul.technology.webdesk.workflow.model.ProcessLinkPK"> 
        <void property="companyId"> 
         <int>1</int> 
        </void> 
        <void property="linkSequence"> 
         <int>6</int> 
        </void> 
        <void property="processId"> 
         <string>RAF04</string> 
        </void> 
        <void property="version"> 
         <int>26</int> 
        </void> 
       </object> 
      </void> 
      <void property="returnLabel"> 
       <string> </string> 
      </void> 
      <void property="returnPermited"> 
       <boolean>false</boolean> 
      </void> 
     </object> 
    </void> 
    <void method="add"> 
     <object class="com.datasul.technology.webdesk.workflow.model.ProcessLink"> 
      <void property="actionLabel"> 
       <string> </string> 
      </void> 
      <void property="finalStateSequence"> 
       <int>3</int> 
      </void> 
      <void property="initialStateSequence"> 
       <int>6</int> 
      </void> 
      <void property="processLinkPK"> 
       <object class="com.datasul.technology.webdesk.workflow.model.ProcessLinkPK"> 
        <void property="companyId"> 
         <int>1</int> 
        </void> 
        <void property="linkSequence"> 
         <int>9</int> 
        </void> 
        <void property="processId"> 
         <string>RAF04</string> 
        </void> 
        <void property="version"> 
         <int>26</int> 
        </void> 
       </object> 
      </void> 
      <void property="returnLabel"> 
       <string> </string> 
      </void> 
      <void property="returnPermited"> 
       <boolean>false</boolean> 
      </void> 
     </object> 
    </void> 
    <void method="add"> 
     <object class="com.datasul.technology.webdesk.workflow.model.ProcessLink"> 
      <void property="actionLabel"> 
       <string> </string> 
      </void> 
      <void property="finalStateSequence"> 
       <int>6</int> 
      </void> 
      <void property="initialStateSequence"> 
       <int>2</int> 
      </void> 
      <void property="processLinkPK"> 
       <object class="com.datasul.technology.webdesk.workflow.model.ProcessLinkPK"> 
        <void property="companyId"> 
         <int>1</int> 
        </void> 
        <void property="linkSequence"> 
         <int>10</int> 
        </void> 
        <void property="processId"> 
         <string>RAF04</string> 
        </void> 
        <void property="version"> 
         <int>26</int> 
        </void> 
       </object> 
      </void> 
      <void property="returnLabel"> 
       <string> </string> 
      </void> 
      <void property="returnPermited"> 
       <boolean>false</boolean> 
      </void> 
     </object> 
    </void> 
    <void method="add"> 
     <object class="com.datasul.technology.webdesk.workflow.model.ProcessLink"> 
      <void property="actionLabel"> 
       <string> </string> 
      </void> 
      <void property="finalStateSequence"> 
       <int>7</int> 
      </void> 
      <void property="initialStateSequence"> 
       <int>6</int> 
      </void> 
      <void property="processLinkPK"> 
       <object class="com.datasul.technology.webdesk.workflow.model.ProcessLinkPK"> 
        <void property="companyId"> 
         <int>1</int> 
        </void> 
        <void property="linkSequence"> 
         <int>12</int> 
        </void> 
        <void property="processId"> 
         <string>RAF04</string> 
        </void> 
        <void property="version"> 
         <int>26</int> 
        </void> 
       </object> 
      </void> 
      <void property="returnLabel"> 
       <string> </string> 
      </void> 
      <void property="returnPermited"> 
       <boolean>false</boolean> 
      </void> 
     </object> 
    </void> 
    <void method="add"> 
     <object class="com.datasul.technology.webdesk.workflow.model.ProcessLink"> 
      <void property="actionLabel"> 
       <string> </string> 
      </void> 
      <void property="finalStateSequence"> 
       <int>2</int> 
      </void> 
      <void property="initialStateSequence"> 
       <int>6</int> 
      </void> 
      <void property="processLinkPK"> 
       <object class="com.datasul.technology.webdesk.workflow.model.ProcessLinkPK"> 
        <void property="companyId"> 
         <int>1</int> 
        </void> 
        <void property="linkSequence"> 
         <int>13</int> 
        </void> 
        <void property="processId"> 
         <string>RAF04</string> 
        </void> 
        <void property="version"> 
         <int>26</int> 
        </void> 
       </object> 
      </void> 
      <void property="returnLabel"> 
       <string> </string> 
      </void> 
      <void property="returnPermited"> 
       <boolean>false</boolean> 
      </void> 
     </object> 
    </void> 
    <void method="add"> 
     <object class="com.datasul.technology.webdesk.workflow.model.ProcessLink"> 
      <void property="actionLabel"> 
       <string> </string> 
      </void> 
      <void property="finalStateSequence"> 
       <int>6</int> 
      </void> 
      <void property="initialStateSequence"> 
       <int>7</int> 
      </void> 
      <void property="processLinkPK"> 
       <object class="com.datasul.technology.webdesk.workflow.model.ProcessLinkPK"> 
        <void property="companyId"> 
         <int>1</int> 
        </void> 
        <void property="linkSequence"> 
         <int>14</int> 
        </void> 
        <void property="processId"> 
         <string>RAF04</string> 
        </void> 
        <void property="version"> 
         <int>26</int> 
        </void> 
       </object> 
      </void> 
      <void property="returnLabel"> 
       <string> </string> 
      </void> 
      <void property="returnPermited"> 
       <boolean>false</boolean> 
      </void> 
     </object> 
    </void> 
    <void method="add"> 
     <object class="com.datasul.technology.webdesk.workflow.model.ProcessLink"> 
      <void property="actionLabel"> 
       <string> </string> 
      </void> 
      <void property="finalStateSequence"> 
       <int>4</int> 
      </void> 
      <void property="initialStateSequence"> 
       <int>3</int> 
      </void> 
      <void property="processLinkPK"> 
       <object class="com.datasul.technology.webdesk.workflow.model.ProcessLinkPK"> 
        <void property="companyId"> 
         <int>1</int> 
        </void> 
        <void property="linkSequence"> 
         <int>15</int> 
        </void> 
        <void property="processId"> 
         <string>RAF04</string> 
        </void> 
        <void property="version"> 
         <int>26</int> 
        </void> 
       </object> 
      </void> 
      <void property="returnLabel"> 
       <string> </string> 
      </void> 
      <void property="returnPermited"> 
       <boolean>false</boolean> 
      </void> 
     </object> 
    </void> 
    <void method="add"> 
     <object class="com.datasul.technology.webdesk.workflow.model.ProcessLink"> 
      <void property="actionLabel"> 
       <string> </string> 
      </void> 
      <void property="finalStateSequence"> 
       <int>5</int> 
      </void> 
      <void property="initialStateSequence"> 
       <int>3</int> 
      </void> 
      <void property="processLinkPK"> 
       <object class="com.datasul.technology.webdesk.workflow.model.ProcessLinkPK"> 
        <void property="companyId"> 
         <int>1</int> 
        </void> 
        <void property="linkSequence"> 
         <int>17</int> 
        </void> 
        <void property="processId"> 
         <string>RAF04</string> 
        </void> 
        <void property="version"> 
         <int>26</int> 
        </void> 
       </object> 
      </void> 
      <void property="returnLabel"> 
       <string> </string> 
      </void> 
      <void property="returnPermited"> 
       <boolean>false</boolean> 
      </void> 
     </object> 
    </void> 
    <void method="add"> 
     <object class="com.datasul.technology.webdesk.workflow.model.ProcessLink"> 
      <void property="actionLabel"> 
       <string> </string> 
      </void> 
      <void property="finalStateSequence"> 
       <int>2</int> 
      </void> 
      <void property="initialStateSequence"> 
       <int>3</int> 
      </void> 
      <void property="processLinkPK"> 
       <object class="com.datasul.technology.webdesk.workflow.model.ProcessLinkPK"> 
        <void property="companyId"> 
         <int>1</int> 
        </void> 
        <void property="linkSequence"> 
         <int>18</int> 
        </void> 
        <void property="processId"> 
         <string>RAF04</string> 
        </void> 
        <void property="version"> 
         <int>26</int> 
        </void> 
       </object> 
      </void> 
      <void property="returnLabel"> 
       <string> </string> 
      </void> 
      <void property="returnPermited"> 
       <boolean>false</boolean> 
      </void> 
     </object> 
    </void> 
    <void method="add"> 
     <object class="com.datasul.technology.webdesk.workflow.model.ProcessLink"> 
      <void property="actionLabel"> 
       <string> </string> 
      </void> 
      <void property="finalStateSequence"> 
       <int>7</int> 
      </void> 
      <void property="initialStateSequence"> 
       <int>2</int> 
      </void> 
      <void property="processLinkPK"> 
       <object class="com.datasul.technology.webdesk.workflow.model.ProcessLinkPK"> 
        <void property="companyId"> 
         <int>1</int> 
        </void> 
        <void property="linkSequence"> 
         <int>19</int> 
        </void> 
        <void property="processId"> 
         <string>RAF04</string> 
        </void> 
        <void property="version"> 
         <int>26</int> 
        </void> 
       </object> 
      </void> 
      <void property="returnLabel"> 
       <string> </string> 
      </void> 
      <void property="returnPermited"> 
       <boolean>false</boolean> 
      </void> 
     </object> 
    </void> 
   </object> 
  </void> 
  <void method="add"> 
   <object class="java.util.ArrayList"/> 
  </void> 
  <void method="add"> 
   <object class="java.util.ArrayList"> 
    <void method="add"> 
     <object class="com.datasul.technology.webdesk.workflow.model.WorkflowProcessEvent"> 
      <void property="eventDescription"> 
       <string>function afterProcessCreate(processId){&#13;&#13;	hAPI.setCardValue(&quot;aten_nroSolicitud&quot;, processId);&#13;	&#13;	var dateParser = new java.text.SimpleDateFormat(&quot;yyyy-MM-dd&quot;);&#13;&#13;	hAPI.setCardValue(&quot;fechaInicioSolicitud&quot;, dateParser.format(new Date()));&#13;	&#13;}</string> 
      </void> 
      <void property="workflowProcessEventPK"> 
       <object class="com.datasul.technology.webdesk.workflow.model.WorkflowProcessEventPK"> 
        <void property="companyId"> 
         <int>1</int> 
        </void> 
        <void property="eventId"> 
         <string>afterProcessCreate</string> 
        </void> 
        <void property="processId"> 
         <string>RAF04</string> 
        </void> 
        <void property="version"> 
         <int>26</int> 
        </void> 
       </object> 
      </void> 
     </object> 
    </void> 
    <void method="add"> 
     <object class="com.datasul.technology.webdesk.workflow.model.WorkflowProcessEvent"> 
      <void property="eventDescription"> 
       <string>function afterProcessFinish(processId){&#13;&#13;	var fecha = new Date();&#13;	var dateParser = new java.text.SimpleDateFormat(&quot;yyyy-MM-dd&quot;);&#13;	hAPI.setCardValue(&quot;fechaFinSolicitud&quot;, dateParser.format(fecha));&#13;	hAPI.setCardValue(&quot;horaFinSolicitud&quot;, fecha.getHours() + &quot;:&quot; + fecha.getMinutes() + &quot;:&quot; + fecha.getSeconds());&#13;&#13;	var userId = getValue(&quot;WKUser&quot;);&#13;	var companyId = getValue(&quot;WKCompany&quot;);&#13;	var nroSolicitudPadre = hAPI.getCardValue(&quot;padre_nroSolicitud&quot;);&#13;	&#13;	var c1 = DatasetFactory.createConstraint(&quot;metadata#active&quot;, &quot;true&quot;, &quot;true&quot;, ConstraintType.MUST); &#13;	var c2 = DatasetFactory.createConstraint(&quot;padre_nroSolicitud&quot;, nroSolicitudPadre, nroSolicitudPadre, ConstraintType.MUST); &#13;	var datasetAtenciones = DatasetFactory.getDataset(&quot;raf-atencion-consultas&quot;, null, [c1,c2], null); &#13;	&#13;	for(j = 0; j &lt; datasetAtenciones.rowsCount; j++) { &#13;&#13;		if((datasetAtenciones.getValue(j, &quot;tarea&quot;) != &quot;CONSULTA CERRADA&quot; ) &amp;&amp; (datasetAtenciones.getValue(j, &quot;tarea&quot;) != &quot;CONSULTA CANCELADA&quot;)){&#13;	&#13;			return;&#13;			&#13;		}&#13;	&#13;	}&#13;	&#13;	try {&#13;	&#13;		var processInstanceId = nroSolicitudPadre;&#13;		var choosedState = 5;&#13;		var colleagues = new java.util.ArrayList();&#13;		var comments = &quot;&quot;;&#13;		var completeTask = true;&#13;		var attachments = null;&#13;		var appointment = null;&#13;		var managerMode = true;&#13;		var threadSequence = 0;&#13;		var replacementId = null;&#13;		&#13;		var workflowService = locateService(&quot;com.datasul.technology.webdesk.workflow.service.WorkflowEngineServiceDelegateBI&quot;);&#13;		&#13;		var cardData = workflowService.getCardData(companyId, processInstanceId, userId);&#13;		cardData.put(&quot;cerrarConsulta&quot;, &quot;1&quot;);&#13;		&#13;		workflowService.saveAndSendTask(companyId, processInstanceId,choosedState, colleagues, comments, userId, completeTask, attachments, cardData, appointment, managerMode, threadSequence, replacementId);&#13;		&#13;	} catch(e) {&#13;		log.info(&quot;########## Erro saveAndSendTask: &quot; + e);&#13;		throw &apos;Se produjo un error al finalizar la solicitud desde Atención de Consultas. Por favor, consulte con el administrador del sistema.&apos;;&#13;	}&#13;	&#13;}&#13;&#13;function locateService(service) {&#13;	return com.datasul.technology.webdesk.util.ServiceLocator.getInstance().locate(java.lang.Class.forName(service));&#13;}</string> 
      </void> 
      <void property="workflowProcessEventPK"> 
       <object class="com.datasul.technology.webdesk.workflow.model.WorkflowProcessEventPK"> 
        <void property="companyId"> 
         <int>1</int> 
        </void> 
        <void property="eventId"> 
         <string>afterProcessFinish</string> 
        </void> 
        <void property="processId"> 
         <string>RAF04</string> 
        </void> 
        <void property="version"> 
         <int>26</int> 
        </void> 
       </object> 
      </void> 
     </object> 
    </void> 
    <void method="add"> 
     <object class="com.datasul.technology.webdesk.workflow.model.WorkflowProcessEvent"> 
      <void property="eventDescription"> 
       <string>function beforeCancelProcess(colleagueId,processId){&#13;	throw &quot;No se puede cancelar la solicitud. Si desea cancelar la consulta debe enviarla al revisor.&quot;;	&#13;}</string> 
      </void> 
      <void property="workflowProcessEventPK"> 
       <object class="com.datasul.technology.webdesk.workflow.model.WorkflowProcessEventPK"> 
        <void property="companyId"> 
         <int>1</int> 
        </void> 
        <void property="eventId"> 
         <string>beforeCancelProcess</string> 
        </void> 
        <void property="processId"> 
         <string>RAF04</string> 
        </void> 
        <void property="version"> 
         <int>26</int> 
        </void> 
       </object> 
      </void> 
     </object> 
    </void> 
    <void method="add"> 
     <object class="com.datasul.technology.webdesk.workflow.model.WorkflowProcessEvent"> 
      <void property="eventDescription"> 
       <string>function beforeTaskSave(colleagueId,nextSequenceId,userList){&#13;&#13;	var tareaActual = getValue(&quot;WKNumState&quot;);&#13;	var completo = getValue(&quot;WKCompletTask&quot;);&#13;	var nroSolicitud = getValue(&quot;WKNumProces&quot;);&#13;	var observaciones = getValue(&quot;WKUserComment&quot;);&#13;	&#13;	hAPI.setCardValue(&quot;historicoObservaciones&quot;, observaciones);&#13;	hAPI.setCardValue(&quot;mostrarHistoricoObservaciones&quot;, &quot;1&quot;);&#13;	&#13;	if (tareaActual == 6 &amp;&amp; nextSequenceId == 3 &amp;&amp; completo == &apos;true&apos;) {&#13;	&#13;		var c1 = DatasetFactory.createConstraint(&quot;processTaskPK.processInstanceId&quot;, nroSolicitud, nroSolicitud, ConstraintType.MUST); &#13;		var c2 = DatasetFactory.createConstraint(&quot;active&quot;, &quot;true&quot;, &quot;true&quot;, ConstraintType.MUST); &#13;		&#13;		var processTaskDataset = DatasetFactory.getDataset(&quot;processTask&quot;, null, [c1,c2], null); &#13;		 &#13;		var nroSolicitud = processTaskDataset.getValue(0, &quot;processTaskPK.processInstanceId&quot;);&#13;		var deadlineDate = processTaskDataset.getValue(0, &quot;deadlineDate&quot;);  &#13;		var deadlineHour = processTaskDataset.getValue(0, &quot;deadlineHour&quot;); &#13;		  &#13;		log.info(&quot;nroSolicitud: &quot; + nroSolicitud + &quot; deadlineDate: &quot; + deadlineDate + &quot; deadlineHour: &quot; + deadlineHour);&#13;		&#13;		var ahora = formatDate(new Date());&#13;		var vencimiento = formatDateMinutes(deadlineDate,deadlineHour);&#13;		var motivoAtraso = hAPI.getCardValue(&quot;aten_motivoAtraso&quot;);&#13;			&#13;		log.info(&quot;ahora: &quot; + ahora + &quot; vencimiento: &quot; + vencimiento + &quot; motivoAtraso: &quot; + motivoAtraso);		&#13;		&#13;		if((ahora &gt; vencimiento) &amp;&amp; (motivoAtraso == &apos;&apos;)){&#13;			throw &apos;Debe completar el motivo del atraso.&apos;;&#13;		}&#13;&#13;	}&#13;	&#13;	if (tareaActual == 3 &amp;&amp; (nextSequenceId == 4 || nextSequenceId == 8) &amp;&amp; completo == &apos;true&apos;) {&#13;		&#13;		var aten_contieneEventoAdverso = hAPI.getCardValue(&quot;aten_contieneEventoAdverso&quot;);&#13;		var aten_conclusion = hAPI.getCardValue(&quot;aten_conclusion&quot;);&#13;		var aten_licenciante = hAPI.getCardValue(&quot;aten_licenciante&quot;);&#13;	&#13;		if(aten_contieneEventoAdverso == &quot;&quot; || aten_conclusion == &quot;&quot; || aten_licenciante == &quot;&quot;){&#13;			throw &apos;Los campos Licenciante, Evento Adverso y Conclución son obligatorios.&apos;;&#13;		}&#13;		&#13;	}&#13;	&#13;	if (tareaActual == 1 &amp;&amp; completo == &apos;false&apos;) {&#13;		hAPI.setCardValue(&quot;tarea&quot;, &quot;INICIAR CONSULTA&quot;);&#13;	}else if (nextSequenceId == 2 &amp;&amp; completo == &apos;true&apos;) {&#13;		hAPI.setCardValue(&quot;tarea&quot;, &quot;CORREGIR DATOS&quot;);&#13;	}else if (nextSequenceId == 3 &amp;&amp; completo == &apos;true&apos;) {&#13;		hAPI.setCardValue(&quot;tarea&quot;, &quot;REVISAR CONSULTA&quot;);&#13;	}else if (nextSequenceId == 4 &amp;&amp; completo == &apos;true&apos;) {&#13;		hAPI.setCardValue(&quot;tarea&quot;, &quot;CONSULTA CERRADA&quot;);&#13;	}else if (nextSequenceId == 5 &amp;&amp; completo == &apos;true&apos;) {&#13;		hAPI.setCardValue(&quot;tarea&quot;, &quot;COMPLETAR CONSULTA&quot;);&#13;	}else if (nextSequenceId == 6 &amp;&amp; completo == &apos;true&apos;) {&#13;		hAPI.setCardValue(&quot;tarea&quot;, &quot;ATENDER CONSULTA&quot;);		&#13;	}else if (nextSequenceId == 8 &amp;&amp; completo == &apos;true&apos;) {&#13;		hAPI.setCardValue(&quot;tarea&quot;, &quot;CONSULTA CANCELADA&quot;);&#13;	}	&#13;	&#13;	if (tareaActual == 1 &amp;&amp; nextSequenceId == 6 &amp;&amp; completo == &apos;true&apos;) {&#13;		hAPI.setCardValue(&quot;anexoPrincipal&quot;, hAPI.getCardValue(&quot;anexoPrincipal&quot;) + &quot;(&quot; + nroSolicitud + &quot;)&quot;);&#13;		log.info(&quot;########## Estableciendo Anexo Principal: &quot; + hAPI.getCardValue(&quot;anexoPrincipal&quot;));&#13;	}&#13;&#13;}&#13;</string> 
      </void> 
      <void property="workflowProcessEventPK"> 
       <object class="com.datasul.technology.webdesk.workflow.model.WorkflowProcessEventPK"> 
        <void property="companyId"> 
         <int>1</int> 
        </void> 
        <void property="eventId"> 
         <string>beforeTaskSave</string> 
        </void> 
        <void property="processId"> 
         <string>RAF04</string> 
        </void> 
        <void property="version"> 
         <int>26</int> 
        </void> 
       </object> 
      </void> 
     </object> 
    </void> 
    <void method="add"> 
     <object class="com.datasul.technology.webdesk.workflow.model.WorkflowProcessEvent"> 
      <void property="eventDescription"> 
       <string>function pad(num) {&#13;    num = num + &apos;&apos;;&#13;    return num.length &lt; 2 ? &apos;0&apos; + num : num;&#13;}&#13;&#13;function formatDate(d){&#13;&#13;   var yyyy = d.getFullYear().toString();&#13;   var mm = (d.getMonth()+1).toString(); // getMonth() is zero-based&#13;   var dd  = d.getDate().toString();&#13;   var hh = d.getHours();&#13;   var mi = d.getMinutes();&#13;   var ss = d.getSeconds();&#13;   return yyyy + pad(mm) + pad(dd) + pad(hh) + pad(mi) + pad(ss);&#13;&#13;}&#13;&#13;function formatDateMinutes(d,time){&#13;&#13;	var dataArr = d.toString().split(&quot;-&quot;);&#13;	var yyyy = dataArr[0];&#13;	var mm = dataArr[1];&#13;	var dd  = dataArr[2]; &#13;	var hh = Math.floor( time / 3600 );  &#13;	var mi = Math.floor( (time % 3600) / 60 );&#13;	var ss = time % 60;&#13;	return yyyy + pad(mm) + pad(dd) + pad(hh) + pad(mi) + pad(ss);&#13;&#13;}</string> 
      </void> 
      <void property="workflowProcessEventPK"> 
       <object class="com.datasul.technology.webdesk.workflow.model.WorkflowProcessEventPK"> 
        <void property="companyId"> 
         <int>1</int> 
        </void> 
        <void property="eventId"> 
         <string>customizaciones</string> 
        </void> 
        <void property="processId"> 
         <string>RAF04</string> 
        </void> 
        <void property="version"> 
         <int>26</int> 
        </void> 
       </object> 
      </void> 
     </object> 
    </void> 
    <void method="add"> 
     <object class="com.datasul.technology.webdesk.workflow.model.WorkflowProcessEvent"> 
      <void property="eventDescription"> 
       <string>function onNotify(subject, receivers, template, params){&#13;&#13;	log.info(&quot;Ejecutando onNotify(&quot; + subject + &quot;, &quot; + receivers + &quot;,  &quot; + template + &quot; , &quot; + params + &quot;);&quot;);&#13;	&#13;	var nroSolicitud = params.get(&quot;processInstanceId&quot;);&#13;	var descripcionTarea = params.get(&quot;WDK_TaskDescription&quot;);&#13;	&#13;	var taskComments = &apos;&apos;;&#13;	&#13;	if(params.get(&quot;WDK_TaskComments&quot;) != null &amp;&amp; params.get(&quot;WDK_TaskComments&quot;) != &apos;&apos;){&#13;	&#13;		taskComments = new java.lang.String(params.get(&quot;WDK_TaskComments&quot;));&#13;		taskComments = taskComments.substring(taskComments.indexOf(&quot;&lt;/span&gt; : &quot;) + 10, taskComments.lastIndexOf(&quot;&lt;/span&gt;&quot;))&#13;	}	&#13;	&#13;	if(template == &apos;tpl010-es.html&apos;){ //Esto es por un bug del ecm&#13;		&#13;		receivers.clear();&#13;		&#13;	}else if(template == &apos;tpl012-es.html&apos;){ // Nueva Tarea de Workflow&#13;		&#13;		if(descripcionTarea != &apos;Complementar Consulta&apos;){ &#13;			receivers.clear();&#13;		}&#13;		&#13;		subject.add(&quot;Nueva Tarea - &quot; + descripcionTarea + &quot;: &quot; + hAPI.getCardValue(&quot;aten_nroConsulta&quot;) + &quot; Producto: &quot; + hAPI.getCardValue(&quot;aten_producto&quot;));&#13;		&#13;	}else if(template == &apos;tpl019-es.html&apos;){ // Nueva Tarea Workflow para Grupo&#13;		subject.add(&quot;Nueva Tarea en Pool - &quot; + descripcionTarea + &quot;: &quot; + hAPI.getCardValue(&quot;aten_nroConsulta&quot;) + &quot; Producto: &quot; + hAPI.getCardValue(&quot;aten_producto&quot;));&#13;	}else if(template == &apos;tpl029-es.html&apos;){ // Tarea Atrasada para Gerente  &#13;		subject.add(&quot;Tarea Sobre Gerencia Atrasada - &quot; + descripcionTarea + &quot;: &quot; + hAPI.getCardValue(&quot;aten_nroConsulta&quot;) + &quot; Producto: &quot; + hAPI.getCardValue(&quot;aten_producto&quot;));&#13;	}else if(template == &apos;tpl049-es.html&apos;){ // Tarea Atrasada para Grupo&#13;		subject.add(&quot;Tarea en Pool Atrasada - &quot; + descripcionTarea + &quot;: &quot; + hAPI.getCardValue(&quot;aten_nroConsulta&quot;) + &quot; Producto: &quot; + hAPI.getCardValue(&quot;aten_producto&quot;));&#13;	} &#13; 	&#13;	params.put(&quot;padre_fecha&quot;, hAPI.getCardValue(&quot;padre_fecha&quot;));&#13;	params.put(&quot;padre_hora&quot;, hAPI.getCardValue(&quot;padre_hora&quot;));&#13;	params.put(&quot;padre_origen&quot;, hAPI.getCardValue(&quot;padre_origen&quot;));&#13;	params.put(&quot;padre_nombre&quot;, hAPI.getCardValue(&quot;padre_nombre&quot;));&#13;	params.put(&quot;padre_telefono&quot;, hAPI.getCardValue(&quot;padre_telefono&quot;));&#13;	params.put(&quot;padre_mail&quot;, hAPI.getCardValue(&quot;padre_mail&quot;));&#13;	params.put(&quot;padre_direccion&quot;, hAPI.getCardValue(&quot;padre_direccion&quot;));&#13;	params.put(&quot;padre_otro&quot;, hAPI.getCardValue(&quot;padre_otro&quot;));&#13;	params.put(&quot;padre_observaciones&quot;, hAPI.getCardValue(&quot;padre_observaciones&quot;));&#13;	params.put(&quot;aten_nroSolicitud&quot;, nroSolicitud);&#13;	params.put(&quot;aten_nroConsulta&quot;, hAPI.getCardValue(&quot;aten_nroConsulta&quot;));	&#13;	params.put(&quot;aten_producto&quot;, hAPI.getCardValue(&quot;aten_producto&quot;));&#13;	params.put(&quot;aten_activo&quot;, hAPI.getCardValue(&quot;aten_activo&quot;));&#13;	params.put(&quot;aten_nroLote&quot;, hAPI.getCardValue(&quot;aten_nroLote&quot;));&#13;	params.put(&quot;aten_vencimiento&quot;, hAPI.getCardValue(&quot;aten_vencimiento&quot;));&#13;	params.put(&quot;aten_tipo&quot;, hAPI.getCardValue(&quot;aten_tipo&quot;));&#13;	params.put(&quot;aten_observacion&quot;, hAPI.getCardValue(&quot;aten_observacion&quot;));&#13;	params.put(&quot;aten_derivacion&quot;, hAPI.getCardValue(&quot;aten_derivacion&quot;));&#13;	params.put(&quot;aten_rellamada&quot;, hAPI.getCardValue(&quot;aten_rellamada&quot;));&#13;	params.put(&quot;aten_resolucion&quot;, hAPI.getCardValue(&quot;aten_resolucion&quot;));&#13;	params.put(&quot;aten_motivoAtraso&quot;, hAPI.getCardValue(&quot;aten_motivoAtraso&quot;));&#13;	params.put(&quot;aten_licenciante&quot;, hAPI.getCardValue(&quot;aten_licenciante&quot;));&#13;	params.put(&quot;aten_contieneEventoAdverso&quot;, hAPI.getCardValue(&quot;aten_contieneEventoAdverso&quot;));&#13;	params.put(&quot;aten_contieneEventoAdversoMotivo&quot;, hAPI.getCardValue(&quot;aten_contieneEventoAdversoMotivo&quot;));&#13;	params.put(&quot;aten_conclusion&quot;, hAPI.getCardValue(&quot;aten_conclusion&quot;));&#13;	params.put(&quot;aten_revobservacion&quot;, hAPI.getCardValue(&quot;aten_revobservacion&quot;));&#13;	params.put(&quot;rc_template&quot;, &quot;rc_template&quot;);&#13;	params.put(&quot;taskComments&quot;, taskComments);	&#13;	&#13;	//la solicitud tiene adjuntos&#13;	&#13;	var WDK_VirtualDir = params.get(&quot;WDK_VirtualDir&quot;);    &#13;	log.error(&quot;WDK_VirtualDir: &quot; + WDK_VirtualDir);&#13;&#13;	var nroSolicitud = params.get(&quot;processInstanceId&quot;);&#13;&#13;	var c01 = DatasetFactory.createConstraint(&quot;workflowProcessPK.processInstanceId&quot;, nroSolicitud, nroSolicitud, ConstraintType.MUST); &#13;	var workflowProcessDataset = DatasetFactory.getDataset(&quot;workflowProcess&quot;, null, [c01], null);&#13;&#13;	var attachmentSeqId = workflowProcessDataset.getValue(0, &quot;attachmentSeqId&quot;);&#13;&#13;	var c02 = DatasetFactory.createConstraint(&quot;processAttachmentPK.processInstanceId&quot;, nroSolicitud, nroSolicitud, ConstraintType.MUST); &#13;	var c03 = DatasetFactory.createConstraint(&quot;processAttachmentPK.attachmentSequence&quot;, attachmentSeqId, attachmentSeqId, ConstraintType.MUST); &#13;	var processAttachmentDataset = DatasetFactory.getDataset(&quot;processAttachment&quot;, null, [c02,c03], null);&#13;	var fichaDocumentId = processAttachmentDataset.getValue(0, &quot;documentId&quot;);&#13;	&#13;	var sortingFields = [&quot;documentId&quot;, &quot;version&quot;];&#13;	var c04 = DatasetFactory.createConstraint(&quot;documentId&quot;, fichaDocumentId, fichaDocumentId, ConstraintType.MUST_NOT);&#13;	var c05 = DatasetFactory.createConstraint(&quot;processAttachmentPK.processInstanceId&quot;, nroSolicitud, nroSolicitud, ConstraintType.MUST); &#13;	var attachmentDataset = DatasetFactory.getDataset(&quot;processAttachment&quot;, null, [c04,c05], sortingFields);&#13;&#13;	var document2UserMap = new java.util.HashMap();&#13;	var document2LinkMap = new java.util.HashMap();&#13;	&#13;	log.info(&quot;************ attachmentDataset.rowsCount: &quot; + attachmentDataset.rowsCount + &quot; fichaDocumentId: &quot; + fichaDocumentId);&#13;	&#13;	for(var j = 0; j &lt; attachmentDataset.rowsCount; j++) { &#13;	&#13;		var documentId = attachmentDataset.getValue(j, &quot;documentId&quot;);&#13;		&#13;		if(fichaDocumentId != documentId){&#13;&#13;			var version = attachmentDataset.getValue(j, &quot;version&quot;);&#13;			var documentLink = WDK_VirtualDir + &quot;/documentviewer?companyId=1&amp;WDNrDocto=&quot; + documentId + &quot;&amp;WDNrVersao=&quot; + version;&#13;			&#13;			log.info(&quot;*********************** documentId: &quot; + documentId + &quot; version: &quot; + version + &quot; j: &quot; + j);&#13;&#13;			var c2 = DatasetFactory.createConstraint(&quot;documentPK.documentId&quot;, documentId, documentId, ConstraintType.MUST); &#13;			var c3 = DatasetFactory.createConstraint(&quot;documentPK.version&quot;, version, version, ConstraintType.MUST); &#13;			var documentDataset = DatasetFactory.getDataset(&quot;document&quot;, null, [c2,c3], null);&#13;				&#13;			var documentDescription = documentDataset.getValue(0, &quot;documentDescription&quot;);&#13;			var publisherId  = documentDataset.getValue(0, &quot;publisherId&quot;);&#13;			&#13;			var c4 = DatasetFactory.createConstraint(&quot;colleaguePK.colleagueId&quot;, publisherId, publisherId, ConstraintType.MUST); &#13;			var datasetColleague = DatasetFactory.getDataset(&quot;colleague&quot;, null, [c4], null);&#13;		&#13;			log.info(&quot;Document: &quot; + documentDescription + &quot; Empleado: &quot; + datasetColleague.getValue(0, &quot;colleagueName&quot;) + &quot; Link: &quot; + documentLink);&#13;			document2UserMap.put(documentDescription, datasetColleague.getValue(0, &quot;colleagueName&quot;));&#13;			document2LinkMap.put(documentDescription, documentLink);&#13;&#13;			// http://192.168.0.45:8080/webdesk/documentviewer?companyId=1&amp;WDNrDocto=2861&amp;WDNrVersao=1000&#13;		}&#13;	}&#13;	&#13;	params.put(&quot;document2UserMap&quot;,document2UserMap);&#13;	params.put(&quot;document2LinkMap&quot;,document2LinkMap);&#13;&#13;}</string> 
      </void> 
      <void property="workflowProcessEventPK"> 
       <object class="com.datasul.technology.webdesk.workflow.model.WorkflowProcessEventPK"> 
        <void property="companyId"> 
         <int>1</int> 
        </void> 
        <void property="eventId"> 
         <string>onNotify</string> 
        </void> 
        <void property="processId"> 
         <string>RAF04</string> 
        </void> 
        <void property="version"> 
         <int>26</int> 
        </void> 
       </object> 
      </void> 
     </object> 
    </void> 
   </object> 
  </void> 
  <void method="add"> 
   <object class="java.util.ArrayList"/> 
  </void> 
  <void method="add"> 
   <object class="java.util.ArrayList"> 
    <void method="add"> 
     <object class="com.datasul.technology.webdesk.workflow.model.SwimLane"> 
      <void property="color"> 
       <string>FFFFCC</string> 
      </void> 
      <void property="height"> 
       <int>190</int> 
      </void> 
      <void property="positionY"> 
       <int>0</int> 
      </void> 
      <void property="stateName"> 
       <string>Área Responsable</string> 
      </void> 
      <void property="swimLanePK"> 
       <object class="com.datasul.technology.webdesk.workflow.model.SwimLanePK"> 
        <void property="companyId"> 
         <int>1</int> 
        </void> 
        <void property="processId"> 
         <string>RAF04</string> 
        </void> 
        <void property="sequence"> 
         <int>1</int> 
        </void> 
        <void property="version"> 
         <int>26</int> 
        </void> 
       </object> 
      </void> 
     </object> 
    </void> 
    <void method="add"> 
     <object class="com.datasul.technology.webdesk.workflow.model.SwimLane"> 
      <void property="color"> 
       <string>FFFF99</string> 
      </void> 
      <void property="height"> 
       <int>193</int> 
      </void> 
      <void property="positionY"> 
       <int>190</int> 
      </void> 
      <void property="stateName"> 
       <string>Asistente de Farmacovigilancia</string> 
      </void> 
      <void property="swimLanePK"> 
       <object class="com.datasul.technology.webdesk.workflow.model.SwimLanePK"> 
        <void property="companyId"> 
         <int>1</int> 
        </void> 
        <void property="processId"> 
         <string>RAF04</string> 
        </void> 
        <void property="sequence"> 
         <int>2</int> 
        </void> 
        <void property="version"> 
         <int>26</int> 
        </void> 
       </object> 
      </void> 
     </object> 
    </void> 
    <void method="add"> 
     <object class="com.datasul.technology.webdesk.workflow.model.SwimLane"> 
      <void property="color"> 
       <string>FFFFCC</string> 
      </void> 
      <void property="height"> 
       <int>189</int> 
      </void> 
      <void property="positionY"> 
       <int>381</int> 
      </void> 
      <void property="stateName"> 
       <string>Revisor de Farmacovigilancia</string> 
      </void> 
      <void property="swimLanePK"> 
       <object class="com.datasul.technology.webdesk.workflow.model.SwimLanePK"> 
        <void property="companyId"> 
         <int>1</int> 
        </void> 
        <void property="processId"> 
         <string>RAF04</string> 
        </void> 
        <void property="sequence"> 
         <int>3</int> 
        </void> 
        <void property="version"> 
         <int>26</int> 
        </void> 
       </object> 
      </void> 
     </object> 
    </void> 
   </object> 
  </void> 
  <void method="add"> 
   <object class="java.util.ArrayList"> 
    <void method="add"> 
     <object class="com.datasul.technology.webdesk.workflow.model.ProcessComponGraf"> 
      <void property="componType"> 
       <int>1</int> 
      </void> 
      <void property="positionX"> 
       <int>1179</int> 
      </void> 
      <void property="positionY"> 
       <int>405</int> 
      </void> 
      <void property="processComponGrafPK"> 
       <object class="com.datasul.technology.webdesk.workflow.model.ProcessComponGrafPK"> 
        <void property="companyId"> 
         <int>1</int> 
        </void> 
        <void property="componGrafSequence"> 
         <int>1</int> 
        </void> 
        <void property="processId"> 
         <string>RAF04</string> 
        </void> 
        <void property="version"> 
         <int>26</int> 
        </void> 
       </object> 
      </void> 
      <void property="stateName"> 
       <string>Consulta Cerrada</string> 
      </void> 
     </object> 
    </void> 
   </object> 
  </void> 
  <void method="add"> 
   <object class="java.util.ArrayList"> 
    <void method="add"> 
     <object class="com.datasul.technology.webdesk.workflow.model.ProcessLinkAssoc"> 
      <void property="finalStateSequence"> 
       <int>4</int> 
      </void> 
      <void property="initialStateSequence"> 
       <int>1</int> 
      </void> 
      <void property="processLinkAssocPK"> 
       <object class="com.datasul.technology.webdesk.workflow.model.ProcessLinkAssocPK"> 
        <void property="companyId"> 
         <int>1</int> 
        </void> 
        <void property="linkSequence"> 
         <int>1</int> 
        </void> 
        <void property="processId"> 
         <string>RAF04</string> 
        </void> 
        <void property="version"> 
         <int>26</int> 
        </void> 
       </object> 
      </void> 
     </object> 
    </void> 
   </object> 
  </void> 
 </object> 
</java>