<?xml version="1.0" encoding="UTF-8" standalone="yes"?><pages><version>fluig 1.6.3-EP1</version><page><code>intranet</code><title>Intranet Home</title><description>Home del Portal Intranet</description><hidden>false</hidden><auth>1</auth><layout>raf_layoutPortal_dashboard</layout><theme>themedefault</theme><enabledChildren>true</enabledChildren><enabledPathParam>false</enabledPathParam><enabledMobileApp>false</enabledMobileApp><tenantCode>?</tenantCode><editable>true</editable><displayOrder>236</displayOrder><internalPage>false</internalPage><slots><slot><name>SlotA</name><widget>raf_carousel</widget><showWidgetTitle>true</showWidgetTitle><preference><key>widgetId</key><value>rafCarousel1</value></preference><preference><key>datasetName</key><value>CarouselIntranet</value></preference><preference><key>customCss</key><value>{{container}} .raf-carousel-gallery {
    max-width: 100% !important;
    margin: auto;
}</value></preference><preference><key>unitegalleryParams</key><value>{
	gallery_play_interval: 5000,
	gallery_height: 300,
        theme_hide_panel_under_width: 1000000
}</value></preference><preference><key>resize</key><value>SI</value></preference><permissions><permission><tenantCode>?</tenantCode><code>widgetPageView</code><description>permission.widget.pageview</description><role>user</role></permission><permission><tenantCode>?</tenantCode><code>widgetPageEdit</code><description>permission.widget.pageedit</description><role>admin</role></permission><permission><tenantCode>?</tenantCode><code>widgetPagePermission</code><description>permission.widget.pagepermission</description><role>admin</role></permission></permissions><systemWidget>false</systemWidget><enabledMobileApp>false</enabledMobileApp></slot><slot><name>SlotB</name><widget>raf_novedades</widget><showWidgetTitle>true</showWidgetTitle><preference><key>widgetId</key><value>rafNovedades1</value></preference><preference><key>folderId</key><value>2540</value></preference><preference><key>linkInclude</key><value>/intranet/include</value></preference><preference><key>idIncludeWidget</key><value>rafInclude1</value></preference><preference><key>template</key><value>&lt;li class="novedadItem"&gt;
	&lt;div class="imgDiv"&gt;
		&lt;a class="novedadLink" href="{{link}}"&gt;&lt;img src="{{imageUrl}}"/&gt;&lt;/a&gt;
	&lt;/div&gt;
	&lt;div class="textDiv"&gt;
		&lt;h3&gt;
			&lt;a class="novedadLink" href="{{link}}"&gt;{{title}}&lt;/a&gt;
		&lt;/h3&gt;
		{{description}}
	&lt;/div&gt;
&lt;/li&gt;</value></preference><preference><key>customCss</key><value>{{container}} {width: 100%;}
	{{container}} .novedadItem {margin-bottom: 10px;}
		{{container}} .novedadItem:last-child {}
	{{container}} .novedadItem .imgDiv {float:left; height:110px; width:110px;}
		{{container}} .novedadItem .imgDiv img {height:100%; width:100%;}
	{{container}} .novedadItem .textDiv {height:110px; padding:0 40px 10px 10px; line-height:inherit; text-align:justify; overflow:hidden;}
		{{container}} .novedadItem .textDiv h3 {margin-top:0; margin-bottom:5px; font-weight: 700 !important;}
	{{container}} .novedadItem .novedadLink {color:#720023; text-decoration:underline; cursor:pointer;}
		{{container}} .novedadItem .novedadLink:hover {color:#b30155;}
 {{container}} .raf-novedades-widgetTitle {font-family: \'Flama\',sans-serif; font-weight: 700; font-size: 1.5em; padding: 10px 0; margin:0;}</value></preference><preference><key>maxCant</key><value>5</value></preference><preference><key>widgetTitle</key><value>Novedades</value></preference><permissions><permission><tenantCode>?</tenantCode><code>widgetPageView</code><description>permission.widget.pageview</description><role>user</role></permission><permission><tenantCode>?</tenantCode><code>widgetPageEdit</code><description>permission.widget.pageedit</description><role>admin</role></permission><permission><tenantCode>?</tenantCode><code>widgetPagePermission</code><description>permission.widget.pagepermission</description><role>admin</role></permission></permissions><systemWidget>false</systemWidget><enabledMobileApp>false</enabledMobileApp></slot><slot><name>SlotD</name><widget>html_editor</widget><showWidgetTitle>true</showWidgetTitle><preference><key>application.title</key><value>Para hablar con RRHH</value></preference><preference><key>content</key><value>%3Chtml%3E%0A%3Chead%3E%0A%09%3Ctitle%3E%3C%2Ftitle%3E%0A%3C%2Fhead%3E%0A%3Cbody%3E%0A%3Cdiv%20style%3D%22background-color%3A%23c3c3c3%3Bcolor%3Awhite%3Bpadding%3A5px%22%3E%0A%3Cp%3E%3Cspan%20style%3D%22font-size%3A16px%3B%22%3E%3C%2Fspan%3E%3C%2Fp%3E%0A%0A%3Cp%3E%3Cspan%20style%3D%22font-size%3A20px%3B%22%3E%3Cb%3EContactate%20con%20RRHH%3A%3C%2Fb%3E%3C%2Fspan%3E%3C%2Fp%3E%0A%0A%3Ctable%20border%3D%220%22%20cellspacing%3D%221%22%20style%3D%22width%3A100%25%3B%22%3E%0A%09%3Ctbody%3E%0A%09%09%3Ctr%3E%0A%09%09%09%3Ctd%20style%3D%22background-color%3A%20rgb(187%2C%20187%2C%20187)%3B%22%3E%3Cspan%20style%3D%22color%3A%23ffffff%3B%22%3E%3Cspan%20style%3D%22font-size%3A16px%3B%22%3E%3Cb%3EBuenos%20Aires%3C%2Fb%3E%3C%2Fspan%3E%3Cbr%20%2F%3E%0A%09%09%09%3Cb%3E%3Cspan%20style%3D%22font-size%3A8px%3B%22%3E%3C%2Fspan%3E%3C%2Fb%3E%3C%2Fspan%3E%3C%2Ftd%3E%0A%09%09%09%3Ctd%3E%3Cspan%20style%3D%22color%3A%23ffffff%3B%22%3E%3C%2Fspan%3E%3C%2Ftd%3E%0A%09%09%09%3Ctd%3E%3Cspan%20style%3D%22color%3A%23ffffff%3B%22%3E%3Cspan%20style%3D%22font-size%3A16px%3B%22%3E%3Cb%3ESan%20Juan%3C%2Fb%3E%3C%2Fspan%3E%3C%2Fspan%3E%3C%2Ftd%3E%0A%09%09%3C%2Ftr%3E%0A%09%09%3Ctr%3E%0A%09%09%09%3Ctd%20style%3D%22background-color%3A%20rgb(238%2C%20238%2C%20238)%3B%22%3E%3Cstrong%3E%3Ca%20href%3D%22mailto%3Aadminrrhh%40raffo.com.ar%22%3EAdm.%20de%20Personal%20y%20Liquidaciones%3C%2Fa%3E%3C%2Fstrong%3E%3C%2Ftd%3E%0A%09%09%09%3Ctd%3E%3Cspan%20style%3D%22color%3A%23ffffff%3B%22%3ECapacitaci%26oacute%3Bn%3C%2Fspan%3E%3C%2Ftd%3E%0A%09%09%09%3Ctd%3E%3Cspan%20style%3D%22color%3A%23ffffff%3B%22%3EGesti%26oacute%3Bn%3C%2Fspan%3E%3C%2Ftd%3E%0A%09%09%3C%2Ftr%3E%0A%09%09%3Ctr%3E%0A%09%09%09%3Ctd%3E%3Cstrong%3E%3Ca%20href%3D%22mailto%3Amfajerstain%40raffo.com.ar%22%3EComp.%20y%C2%A0Beneficios%3C%2Fa%3E%3C%2Fstrong%3E%3C%2Ftd%3E%0A%09%09%09%3Ctd%3E%3Cspan%20style%3D%22color%3A%23ffffff%3B%22%3EGesti%26oacute%3Bn%20del%20Talento%3C%2Fspan%3E%3C%2Ftd%3E%0A%09%09%09%3Ctd%3E%3Cspan%20style%3D%22color%3A%23ffffff%3B%22%3ESelecci%26oacute%3Bn%3C%2Fspan%3E%3C%2Ftd%3E%0A%09%09%3C%2Ftr%3E%0A%09%09%3Ctr%3E%0A%09%09%09%3Ctd%3E%3Cspan%20style%3D%22color%3A%23ffffff%3B%22%3ESelecci%26oacute%3Bn%3C%2Fspan%3E%3C%2Ftd%3E%0A%09%09%09%3Ctd%3E%3Cspan%20style%3D%22color%3A%23ffffff%3B%22%3ECom.%20Interna%20y%20Eventos%3C%2Fspan%3E%3C%2Ftd%3E%0A%09%09%09%3Ctd%3E%3Cspan%20style%3D%22color%3A%23ffffff%3B%22%3EAdministraci%26oacute%3Bn%20de%20Personal%3C%2Fspan%3E%3C%2Ftd%3E%0A%09%09%3C%2Ftr%3E%0A%09%09%3Ctr%3E%0A%09%09%09%3Ctd%3E%3Cspan%20style%3D%22color%3A%23ffffff%3B%22%3ERSE%3C%2Fspan%3E%3C%2Ftd%3E%0A%09%09%09%3Ctd%3E%C2%A0%3C%2Ftd%3E%0A%09%09%09%3Ctd%3E%C2%A0%3C%2Ftd%3E%0A%09%09%3C%2Ftr%3E%0A%09%3C%2Ftbody%3E%0A%3C%2Ftable%3E%0A%0A%3Cp%3E%3Cspan%20style%3D%22font-size%3A10px%3B%22%3E%3Cspan%20style%3D%22font-family%3AArial%2CHelvetica%2Csans-serif%3B%22%3E%3C%2Fspan%3E%3C%2Fspan%3E%3C%2Fp%3E%0A%3C%2Fdiv%3E%0A%3C%2Fbody%3E%0A%3C%2Fhtml%3E%0A</value></preference><preference><key>sourceCode</key><value>false</value></preference><permissions><permission><tenantCode>?</tenantCode><code>widgetPageView</code><description>permission.widget.pageview</description><role>user</role></permission><permission><tenantCode>?</tenantCode><code>widgetPageEdit</code><description>permission.widget.pageedit</description><role>admin</role></permission><permission><tenantCode>?</tenantCode><code>widgetPagePermission</code><description>permission.widget.pagepermission</description><role>admin</role></permission></permissions><systemWidget>false</systemWidget><enabledMobileApp>false</enabledMobileApp></slot><slot><name>SlotLogin</name><widget>sociallogin</widget><showWidgetTitle>true</showWidgetTitle><permissions><permission><tenantCode>?</tenantCode><code>widgetPageView</code><description>permission.widget.pageview</description><role>user</role></permission><permission><tenantCode>?</tenantCode><code>widgetPageEdit</code><description>permission.widget.pageedit</description><role>admin</role></permission><permission><tenantCode>?</tenantCode><code>widgetPagePermission</code><description>permission.widget.pagepermission</description><role>admin</role></permission></permissions><systemWidget>true</systemWidget><enabledMobileApp>false</enabledMobileApp></slot><slot><name>SlotC</name><widget>raf_clima</widget><showWidgetTitle>true</showWidgetTitle><preference><key>widgetId</key><value>rafClima1</value></preference><preference><key>widgetTitle</key><value></value></preference><preference><key>customCss</key><value>{{container}} .block{
	padding: 0;
        overflow: overlay;
}
{{container}} .weather {
        margin-right: 10px;
}
{{container}} .raf-clima-weather {
	width: 100%;
}
{{container}} .wi {
	margin-top: 10px;
        margin-left: 5px;
        font-size:4rem;
}
{{container}} .wi:before {
        line-height: 1;
}
{{container}} .innerContainer {
	display: flex;
        margin: 15px auto;
}
{{container}} .temp {
	display: inline-block;
        font-size: 3em;
        margin-right: 15px;
        margin-bottom: -10px;
        margin-top: 5px;
}
{{container}} .hv {
	display: inline-block;
}
{{container}} .status {
	font-weight: bold;
}
</value></preference><preference><key>template</key><value>&lt;h4&gt;{{location}}&lt;/h4&gt;
&lt;div class="block today"&gt;&lt;div class="innerContainer"&gt;
    &lt;div&gt;
        &lt;i class="wi {{iconClass}}"&gt;&lt;/i&gt;
    &lt;/div&gt;    
    &lt;div class="weather type-small"&gt;
         &lt;div class="temp"&gt;{{temperature}}°C&lt;/div&gt;
         &lt;div class="hv"&gt; 
             &lt;b&gt;H&lt;/b&gt; {{humidity}}% &lt;br&gt;
             &lt;b&gt;V&lt;/b&gt; {{wind}} km/h
         &lt;/div&gt; &lt;br&gt;
          &lt;div class="status"&gt;{{status}}.  &lt;/div&gt;
   &lt;/div&gt;
&lt;/div&gt;</value></preference><permissions><permission><tenantCode>?</tenantCode><code>widgetPageView</code><description>permission.widget.pageview</description><role>user</role></permission><permission><tenantCode>?</tenantCode><code>widgetPageEdit</code><description>permission.widget.pageedit</description><role>admin</role></permission><permission><tenantCode>?</tenantCode><code>widgetPagePermission</code><description>permission.widget.pagepermission</description><role>admin</role></permission></permissions><systemWidget>false</systemWidget><enabledMobileApp>false</enabledMobileApp></slot><slot><name>SlotC</name><widget>raf_cumpleanios</widget><showWidgetTitle>true</showWidgetTitle><preference><key>widgetId</key><value>rafCumpleanios1</value></preference><preference><key>customCss</key><value>{{container}} .raf-cumpleanios-table {
    width: 100%;
}
{{container}} .raf-cumpleanios-table .foto {
    height: 50px;
    width: 50px;
    float: left;
}
{{container}} .raf-cumpleanios-table .divData {
    padding-left: 60px;
}
{{container}} .raf-cumpleanios-widgetTitle {
    font-family: \'Flama\',sans-serif; font-weight: 700;
    font-size: 1.4em; 
    padding: 8px;
}
{{container}} a {
    text-decoration: none;
}</value></preference><preference><key>rowTemplate</key><value>&lt;tr&gt;
    &lt;td&gt;
         &lt;a href="mailto:{{mail}}"&gt;
         &lt;img class="foto" src="https://raffo.rhpro.com/rhprox2/fotos/{{legajo}}.jpg" onerror="if (!this.src.includes('/raf-cumpleanios/resources/images/error-user.png')) this.src = '/raf-cumpleanios/resources/images/error-user.png';"&gt;
        &lt;div class="divData"&gt;
        {{#apellidoynombre}}
			&lt;div class="apellidoynombre"&gt;&lt;b&gt;&lt;/b&gt; {{apellidoynombre}}&lt;/div&gt;
		{{/apellidoynombre}}
    	{{#sede}}
			&lt;div class="sede"&gt;&lt;b&gt;&lt;/b&gt; {{sede}}&lt;/div&gt;
		{{/sede}}
{{#interno}}
			&lt;div class="sede"&gt;&lt;b&gt;Interno:&lt;/b&gt; {{interno}}&lt;/div&gt;
	{{/interno}}
	&lt;/div&gt;
    &lt;/a&gt;
    &lt;/td&gt;
&lt;/tr&gt;</value></preference><preference><key>widgetTitle</key><value>&lt;span class='fluigicon fluigicon-cake'&gt;&lt;/span&gt;  ¡Feliz Cumpleaños!</value></preference><permissions><permission><tenantCode>?</tenantCode><code>widgetPageView</code><description>permission.widget.pageview</description><role>user</role></permission><permission><tenantCode>?</tenantCode><code>widgetPageEdit</code><description>permission.widget.pageedit</description><role>admin</role></permission><permission><tenantCode>?</tenantCode><code>widgetPagePermission</code><description>permission.widget.pagepermission</description><role>admin</role></permission></permissions><systemWidget>false</systemWidget><enabledMobileApp>false</enabledMobileApp></slot><slot><name>SlotC</name><widget>ecm_pendings</widget><showWidgetTitle>true</showWidgetTitle><permissions><permission><tenantCode>?</tenantCode><code>widgetPageView</code><description>permission.widget.pageview</description><role>user</role></permission><permission><tenantCode>?</tenantCode><code>widgetPageEdit</code><description>permission.widget.pageedit</description><role>admin</role></permission><permission><tenantCode>?</tenantCode><code>widgetPagePermission</code><description>permission.widget.pagepermission</description><role>admin</role></permission></permissions><systemWidget>false</systemWidget><enabledMobileApp>false</enabledMobileApp></slot></slots><datas/><permissions><permission><tenantCode>?</tenantCode><code>pageView</code><description>permission.page.view</description><user>usuba</user></permission><permission><tenantCode>?</tenantCode><code>pageView</code><description>permission.page.view</description><user>ususj</user></permission><permission><tenantCode>?</tenantCode><code>pageView</code><description>permission.page.view</description><user>procesobpm</user></permission><permission><tenantCode>?</tenantCode><code>pageUpdate</code><description>permission.page.update</description><user>procesobpm</user></permission><permission><tenantCode>?</tenantCode><code>pageView</code><description>permission.page.view</description><user>prueba</user></permission><permission><tenantCode>?</tenantCode><code>pageView</code><description>permission.page.view</description><role>ADM-PORTAL</role></permission><permission><tenantCode>?</tenantCode><code>pageUpdate</code><description>permission.page.update</description><role>ADM-PORTAL</role></permission><permission><tenantCode>?</tenantCode><code>pageView</code><description>permission.page.view</description><role>ADM-PORTALSJ</role></permission><permission><tenantCode>?</tenantCode><code>pageView</code><description>permission.page.view</description><group>ADM-PORTAL-SJ</group></permission><permission><tenantCode>?</tenantCode><code>pageView</code><description>permission.page.view</description><group>INTRABA</group></permission><permission><tenantCode>?</tenantCode><code>pageView</code><description>permission.page.view</description><group>INTRASJ</group></permission></permissions><pages><page><code>quienessomos</code><title>Intranet Quienes Somos</title><description>Página Quienes Somos del Portal Intranet.</description><hidden>false</hidden><auth>1</auth><layout>raf_layoutPortal_full</layout><theme>themedefault</theme><enabledChildren>false</enabledChildren><enabledPathParam>false</enabledPathParam><enabledMobileApp>false</enabledMobileApp><parentCode>intranet</parentCode><tenantCode>?</tenantCode><editable>true</editable><displayOrder>251</displayOrder><internalPage>false</internalPage><slots><slot><name>Slot</name><widget>html_editor</widget><showWidgetTitle>true</showWidgetTitle><preference><key>application.title</key><value>Quienes Somos</value></preference><preference><key>content</key><value>%3Chtml%3E%0A%3Chead%3E%0A%09%3Ctitle%3E%3C%2Ftitle%3E%0A%3C%2Fhead%3E%0A%3Cbody%3E%0A%3Cp%3E%3Cspan%20style%3D%22font-size%3A22px%3B%22%3ELaboratorios%20Raffo%3C%2Fspan%3E%20%3Cspan%20style%3D%22font-size%3A24px%3B%22%3Ees%20una%20empresa%20farmac%3C%2Fspan%3E%26eacute%3Butica%20fundada%20en%201898%20por%20el%20Prof.%20Dr.%20Jacinto%20Raffo%20comprometida%20con%20la%20promoci%26oacute%3Bn%2C%20protecci%26oacute%3Bn%20y%20cuidado%20de%20la%20salud.%3C%2Fp%3E%0A%0A%3Cp%3E%3Cspan%20style%3D%22font-size%3A26px%3B%22%3ERaffo%20apuesta%20fuertemente%20a%20la%20investigaci%26oacute%3Bn%20y%20desarrollo%20de%20nuevos%20productos%20que%20respondan%20a%20las%20necesidad%20humnas%20y%20brinden%20soluciones%20terap%26eacute%3Buticas%20para%20el%20bienestar%20de%20las%20personas%20en%20todas%20la%20estapas%20de%20la%20vida.%3C%2Fspan%3E%3C%2Fp%3E%0A%0A%3Cp%3EEl%20principal%20compromiso%20asumido%20antes%20aquellos%20que%20recurren%20a%20un%20medicamento%20Raffo%20es%20mantener%20un%20alto%20est%26aacute%3Bndar%20de%20calida%2C%20seguridad%20y%20accesibilidad%20en%20los%20productos.%3C%2Fp%3E%0A%0A%3Cp%3EContamos%20con%20un%20equipo%20de%20m%26aacute%3Bs%20de%201500%20personas%2C%20entre%20ellos%20se%20destacan%20profesionales%20m%26eacute%3Bdicos%2C%20farmac%26eacute%3Buticos%2C%20bioqu%26iacute%3Bmicos%2C%20ingenieros%20y%20licenciados%20en%20distintas%20especialidades%2C%20los%20cuales%20trabajan%20todos%20los%20d%26iacute%3Bas%20para%20lograr%20la%20excelencia%20y%20la%20mejora%20continua.%3C%2Fp%3E%0A%0A%3Cp%3EPara%20conocer%20cu%26aacute%3Bles%20son%20nuestros%20m%26eacute%3Bdicamentos%20ingresar%20%3Ca%20href%3D%22http%3A%2F%2Fwww.raffo.com.ar%2Fproductos_%22%3Eaqu%26iacute%3B%3C%2Fa%3E%3C%2Fp%3E%0A%3C%2Fbody%3E%0A%3C%2Fhtml%3E%0A</value></preference><preference><key>sourceCode</key><value>false</value></preference><permissions><permission><tenantCode>?</tenantCode><code>widgetPageView</code><description>permission.widget.pageview</description><role>user</role></permission><permission><tenantCode>?</tenantCode><code>widgetPageEdit</code><description>permission.widget.pageedit</description><role>admin</role></permission><permission><tenantCode>?</tenantCode><code>widgetPagePermission</code><description>permission.widget.pagepermission</description><role>admin</role></permission></permissions><systemWidget>false</systemWidget><enabledMobileApp>false</enabledMobileApp></slot><slot><name>SlotLogin</name><widget>sociallogin</widget><showWidgetTitle>true</showWidgetTitle><permissions><permission><tenantCode>?</tenantCode><code>widgetPageView</code><description>permission.widget.pageview</description><role>user</role></permission><permission><tenantCode>?</tenantCode><code>widgetPageEdit</code><description>permission.widget.pageedit</description><role>admin</role></permission><permission><tenantCode>?</tenantCode><code>widgetPagePermission</code><description>permission.widget.pagepermission</description><role>admin</role></permission></permissions><systemWidget>true</systemWidget><enabledMobileApp>false</enabledMobileApp></slot></slots><datas/><permissions><permission><tenantCode>?</tenantCode><code>pageView</code><description>permission.page.view</description><role>user</role></permission><permission><tenantCode>?</tenantCode><code>pageUpdate</code><description>permission.page.update</description><user>procesobpm</user></permission><permission><tenantCode>?</tenantCode><code>pageRemove</code><description>permission.page.remove</description><user>procesobpm</user></permission><permission><tenantCode>?</tenantCode><code>pageView</code><description>permission.page.view</description><role>ADM-PORTAL</role></permission><permission><tenantCode>?</tenantCode><code>pageUpdate</code><description>permission.page.update</description><role>ADM-PORTAL</role></permission></permissions><disableChildLevel>true</disableChildLevel><menuGroup>false</menuGroup></page><page><code>nuestronegocio</code><title>Nuestro Negocio</title><description>Página Nuestro Negocio del Portal Intranet.</description><hidden>false</hidden><auth>1</auth><layout>raf_layoutPortal_full</layout><theme>themedefault</theme><enabledChildren>false</enabledChildren><enabledPathParam>false</enabledPathParam><enabledMobileApp>false</enabledMobileApp><parentCode>intranet</parentCode><tenantCode>?</tenantCode><editable>true</editable><displayOrder>253</displayOrder><internalPage>false</internalPage><slots><slot><name>Slot</name><widget>html_editor</widget><showWidgetTitle>true</showWidgetTitle><preference><key>application.title</key><value>Nuestro Negocio</value></preference><preference><key>content</key><value>%3Chtml%3E%0A%3Chead%3E%0A%09%3Ctitle%3E%3C%2Ftitle%3E%0A%3C%2Fhead%3E%0A%3Cbody%3E%0A%3Cp%3E%3Cspan%20style%3D%22color%3A%20rgb(153%2C%200%2C%200)%3B%22%3E%3Cspan%20style%3D%22font-size%3A%2022px%3B%22%3E%3C%2Fspan%3E%3C%2Fspan%3E%3Cspan%20style%3D%22color%3A%20rgb(255%2C%20255%2C%20255)%3B%22%3E%3Cimg%20alt%3D%22%22%20data-units%3D%22px%22%20height%3D%22381px%22%20src%3D%22http%3A%2F%2Fwww.raffo.com.ar%2Fimages%2Finst_bg2.jpg%22%20style%3D%22float%3Aleft%22%20width%3D%22757px%22%20%2F%3E%3C%2Fspan%3E%3C%2Fp%3E%0A%0A%3Cp%3E%C2%A0%3C%2Fp%3E%0A%0A%3Cp%3E%C2%A0%3C%2Fp%3E%0A%0A%3Ctable%20align%3D%22left%22%20border%3D%220%22%20cellpadding%3D%221%22%20cellspacing%3D%221%22%20style%3D%22width%3A%2050%25%3B%22%3E%0A%09%3Ctbody%3E%0A%09%09%3Ctr%3E%0A%09%09%09%3Ctd%3E%3Cspan%20style%3D%22color%3A%20rgb(255%2C%20255%2C%20255)%3B%22%3E.......%3C%2Fspan%3E%3C%2Ftd%3E%0A%09%09%09%3Ctd%3E%0A%09%09%09%3Cp%3E%3Cspan%20style%3D%22color%3A%20rgb(114%2C%200%2C%2035)%3B%22%3E%3C%2Fspan%3E%3C%2Fp%3E%0A%0A%09%09%09%3Cp%3E%3Cspan%20style%3D%22font-size%3A36px%3B%22%3E%3Cspan%20style%3D%22color%3A%20rgb(114%2C%200%2C%2035)%3B%22%3EGarant%26iacute%3Ba%3Cbr%20%2F%3E%0A%09%09%09y%C2%A0%3Cstrong%3ECalidad%3C%2Fstrong%3E%3C%2Fspan%3E%3C%2Fspan%3E%3C%2Fp%3E%0A%09%09%09%3C%2Ftd%3E%0A%09%09%3C%2Ftr%3E%0A%09%09%3Ctr%3E%0A%09%09%09%3Ctd%3E%3Cspan%20style%3D%22color%3A%20rgb(127%2C%20140%2C%20141)%3B%22%3E%3Cspan%20style%3D%22font-size%3A%2020px%3B%22%3E%3C%2Fspan%3E%3C%2Fspan%3E%3C%2Ftd%3E%0A%09%09%09%3Ctd%3E%3Cspan%20style%3D%22color%3A%20rgb(127%2C%20140%2C%20141)%3B%22%3E%3Cspan%20style%3D%22font-size%3A%2020px%3B%22%3E%3Cbr%20%2F%3E%0A%09%09%09Un%20calificado%20equipo%20de%20profesionales%20y%20t%26eacute%3Bcnicos%20tienen%20como%20misi%26oacute%3Bn%20crear%2C%20implementar%20y%20auditar%20el%20Programa%20de%20Garant%26iacute%3Ba%20de%20Calidad%2C%20a%20trav%26eacute%3Bs%20de%20instalaciones%20y%20equipamientos%20de%20alta%20tecnolog%26iacute%3Ba%20que%20permiten%20realizar%20el%20Control%20de%20Calidad%20de%20materias%20primas%2C%20insumos%20y%20productos%2C%20asegurando%20la%20eficacia%20mediante%20t%26eacute%3Bcnicas%20validadas%20en%20todas%20las%20instancias%20de%20producci%26oacute%3Bn.%3C%2Fspan%3E%3C%2Fspan%3E%3C%2Ftd%3E%0A%09%09%3C%2Ftr%3E%0A%09%3C%2Ftbody%3E%0A%3C%2Ftable%3E%0A%0A%3Cp%3E%3Cbr%20%2F%3E%0A%C2%A0%3C%2Fp%3E%0A%3C%2Fbody%3E%0A%3C%2Fhtml%3E%0A</value></preference><preference><key>sourceCode</key><value>false</value></preference><permissions><permission><tenantCode>?</tenantCode><code>widgetPageView</code><description>permission.widget.pageview</description><role>user</role></permission><permission><tenantCode>?</tenantCode><code>widgetPageEdit</code><description>permission.widget.pageedit</description><role>admin</role></permission><permission><tenantCode>?</tenantCode><code>widgetPagePermission</code><description>permission.widget.pagepermission</description><role>admin</role></permission></permissions><systemWidget>false</systemWidget><enabledMobileApp>false</enabledMobileApp></slot><slot><name>SlotLogin</name><widget>sociallogin</widget><showWidgetTitle>true</showWidgetTitle><permissions><permission><tenantCode>?</tenantCode><code>widgetPageView</code><description>permission.widget.pageview</description><role>user</role></permission><permission><tenantCode>?</tenantCode><code>widgetPageEdit</code><description>permission.widget.pageedit</description><role>admin</role></permission><permission><tenantCode>?</tenantCode><code>widgetPagePermission</code><description>permission.widget.pagepermission</description><role>admin</role></permission></permissions><systemWidget>true</systemWidget><enabledMobileApp>false</enabledMobileApp></slot></slots><datas/><permissions><permission><tenantCode>?</tenantCode><code>pageView</code><description>permission.page.view</description><role>user</role></permission><permission><tenantCode>?</tenantCode><code>pageUpdate</code><description>permission.page.update</description><user>procesobpm</user></permission><permission><tenantCode>?</tenantCode><code>pageRemove</code><description>permission.page.remove</description><user>procesobpm</user></permission><permission><tenantCode>?</tenantCode><code>pageView</code><description>permission.page.view</description><role>ADM-PORTAL</role></permission><permission><tenantCode>?</tenantCode><code>pageUpdate</code><description>permission.page.update</description><role>ADM-PORTAL</role></permission></permissions><disableChildLevel>true</disableChildLevel><menuGroup>false</menuGroup></page><page><code>sedes</code><title>Intranet Sedes</title><description>Página Sedes del Portal Intranet</description><hidden>false</hidden><auth>1</auth><layout>raf_layoutPortal_full</layout><theme>themedefault</theme><enabledChildren>false</enabledChildren><enabledPathParam>false</enabledPathParam><enabledMobileApp>false</enabledMobileApp><parentCode>intranet</parentCode><tenantCode>?</tenantCode><editable>true</editable><displayOrder>252</displayOrder><internalPage>false</internalPage><slots><slot><name>Slot</name><widget>html_editor</widget><showWidgetTitle>true</showWidgetTitle><preference><key>application.title</key><value>Sedes</value></preference><preference><key>content</key><value>%3Chtml%3E%0A%3Chead%3E%0A%09%3Ctitle%3E%3C%2Ftitle%3E%0A%3C%2Fhead%3E%0A%3Cbody%3E%0A%3Ctable%20border%3D%220%22%20width%3D%22100%25%22%3E%0A%09%3Ctbody%3E%0A%09%09%3Ctr%3E%0A%09%09%09%3Ctd%3E%0A%09%09%09%3Cp%3E%3Cspan%20style%3D%22font-size%3A24px%3B%22%3E%3C%2Fspan%3E%3C%2Fp%3E%0A%0A%09%09%09%3Cp%3E%3Cspan%20style%3D%22font-size%3A48px%3B%22%3E%3Cstrong%3ESEDES%3C%2Fstrong%3E%3C%2Fspan%3E%3C%2Fp%3E%0A%0A%09%09%09%3Cp%3E%C2%A0%3C%2Fp%3E%0A%0A%09%09%09%3Cp%3E%3Cspan%20style%3D%22font-size%3A18px%3B%22%3E%3Cu%3E%3Cstrong%3EADMINISTRATIVA%3C%2Fstrong%3E%3C%2Fu%3E%3Cstrong%3E%C2%A0%C2%A0%3C%2Fstrong%3E%3C%2Fspan%3E%3C%2Fp%3E%0A%0A%09%09%09%3Cp%3E%3Cspan%20style%3D%22font-size%3A16px%3B%22%3E%3Cstrong%3EMunro%3C%2Fstrong%3E%3C%2Fspan%3E%3Cbr%20%2F%3E%0A%09%09%09Domicilio%3A%20Int.%20Cnel.%20Amaro%20%26Aacute%3Bvalos%202829%2C%20Edificio%20I%2C%20Piso%203%2C%20Munro.%3Cbr%20%2F%3E%0A%09%09%09Tel%3A%204509-7100%3Cbr%20%2F%3E%0A%09%09%09%3Cbr%20%2F%3E%0A%09%09%09%3Cbr%20%2F%3E%0A%09%09%09%3Cspan%20style%3D%22font-size%3A18px%3B%22%3E%3Cu%3E%3Cstrong%3EPLANTAS%3C%2Fstrong%3E%3C%2Fu%3E%3C%2Fspan%3E%3C%2Fp%3E%0A%0A%09%09%09%3Ctable%20border%3D%220%22%20cellpadding%3D%221%22%20cellspacing%3D%221%22%20style%3D%22width%3A800px%3B%22%3E%0A%09%09%09%09%3Ctbody%3E%0A%09%09%09%09%09%3Ctr%3E%0A%09%09%09%09%09%09%3Ctd%3E%0A%09%09%09%09%09%09%3Cp%3E%3Cimg%20alt%3D%22%22%20data-units%3D%22px%22%20height%3D%22177px%22%20src%3D%22http%3A%2F%2F192.168.0.138%3A9080%2Fvolume%2Fstream%2FRmx1aWc%3D%2FP3Q9MSZ2b2w9RGVmYXVsdCZpZD0yNzY5JnZlcj0xMDAwJmZpbGU9aW5zdF9iZzcuanBnJmNyYz01MTA0Njc3MjAmc2l6ZT0wLjQyMjA4NiZ1SWQ9MTAxJmZTSWQ9MSZ1U0lkPTEmZD1mYWxzZQ%3D%3D.jpg%22%20width%3D%22288px%22%20%2F%3E%3C%2Fp%3E%0A%09%09%09%09%09%09%3C%2Ftd%3E%0A%09%09%09%09%09%09%3Ctd%3E%C2%A0%20%C2%A0%20%C2%A0%C2%A0%3C%2Ftd%3E%0A%09%09%09%09%09%09%3Ctd%3E%0A%09%09%09%09%09%09%3Cp%3E%3Cspan%20style%3D%22font-size%3A22px%3B%22%3E%3Cstrong%3ESan%20Juan%3A%C2%A0%3C%2Fstrong%3EPlanta%20de%20producci%26oacute%3Bn%3C%2Fspan%3E%3C%2Fp%3E%0A%0A%09%09%09%09%09%09%3Cp%3E%3Cspan%20style%3D%22font-size%3A22px%3B%22%3EDomicilio%3A%20Ruta%20Nacional%2040%2C%20e%2F%20Calles%207%20y%208%2C%20S%26aacute%3Bnchez%20de%20Loria%2C%20Pocito%2C%20Pcia.%20de%20San%20Juan.%20%C2%A0Tel%3A%20(0264)%20401-2000.%3C%2Fspan%3E%3C%2Fp%3E%0A%09%09%09%09%09%09%3C%2Ftd%3E%0A%09%09%09%09%09%3C%2Ftr%3E%0A%09%09%09%09%09%3Ctr%3E%0A%09%09%09%09%09%09%3Ctd%3E%C2%A0%3C%2Ftd%3E%0A%09%09%09%09%09%09%3Ctd%3E%C2%A0%3C%2Ftd%3E%0A%09%09%09%09%09%09%3Ctd%3E%C2%A0%3C%2Ftd%3E%0A%09%09%09%09%09%3C%2Ftr%3E%0A%09%09%09%09%09%3Ctr%3E%0A%09%09%09%09%09%09%3Ctd%3E%3Cimg%20alt%3D%22%22%20data-units%3D%22px%22%20height%3D%22177px%22%20src%3D%22http%3A%2F%2F192.168.0.138%3A9080%2Fvolume%2Fstream%2FRmx1aWc%3D%2FP3Q9MSZ2b2w9RGVmYXVsdCZpZD0yNzY5JnZlcj0xMDAwJmZpbGU9aW5zdF9iZzcuanBnJmNyYz01MTA0Njc3MjAmc2l6ZT0wLjQyMjA4NiZ1SWQ9MTAxJmZTSWQ9MSZ1U0lkPTEmZD1mYWxzZQ%3D%3D.jpg%22%20width%3D%22288px%22%20%2F%3E%3C%2Ftd%3E%0A%09%09%09%09%09%09%3Ctd%3E%C2%A0%3C%2Ftd%3E%0A%09%09%09%09%09%09%3Ctd%3E%0A%09%09%09%09%09%09%3Cp%3E%3Cstrong%3E%3Cspan%20style%3D%22font-size%3A16px%3B%22%3EVilla%20Martelli%3A%3C%2Fspan%3E%C2%A0%3C%2Fstrong%3EInvestigaci%26oacute%3Bn%20y%20desarrollo%3C%2Fp%3E%0A%0A%09%09%09%09%09%09%3Cp%3E%3Cbr%20%2F%3E%0A%09%09%09%09%09%09Domicilio%3A%20Agust%26iacute%3Bn%20Alvarez%204145%20y%20Uruguay%2C%20Villa%20Martelli%2C%20Pcia.%20de%20Buenos%20Aires.%20Tel%3A%20(011)%204513-1000.%3C%2Fp%3E%0A%09%09%09%09%09%09%3C%2Ftd%3E%0A%09%09%09%09%09%3C%2Ftr%3E%0A%09%09%09%09%09%3Ctr%3E%0A%09%09%09%09%09%09%3Ctd%3E%C2%A0%3C%2Ftd%3E%0A%09%09%09%09%09%09%3Ctd%3E%C2%A0%3C%2Ftd%3E%0A%09%09%09%09%09%09%3Ctd%3E%C2%A0%3C%2Ftd%3E%0A%09%09%09%09%09%3C%2Ftr%3E%0A%09%09%09%09%09%3Ctr%3E%0A%09%09%09%09%09%09%3Ctd%3E%3Cimg%20alt%3D%22%22%20data-units%3D%22px%22%20height%3D%22179px%22%20src%3D%22http%3A%2F%2F192.168.0.138%3A9080%2Fvolume%2Fstream%2FRmx1aWc%3D%2FP3Q9MSZ2b2w9RGVmYXVsdCZpZD0yNzY3JnZlcj0xMDAwJmZpbGU9aW1hZ2UuanBnJmNyYz0zNjIwOTA0ODUyJnNpemU9MC40NTM2MDQmdUlkPTEwMSZmU0lkPTEmdVNJZD0xJmQ9ZmFsc2U%3D.jpg%22%20width%3D%22287px%22%20%2F%3E%3C%2Ftd%3E%0A%09%09%09%09%09%09%3Ctd%3E%C2%A0%3C%2Ftd%3E%0A%09%09%09%09%09%09%3Ctd%3E%0A%09%09%09%09%09%09%3Cp%3E%3Cspan%20style%3D%22font-size%3A16px%3B%22%3E%3Cstrong%3ETortuguitas%3A%C2%A0%3C%2Fstrong%3E%3C%2Fspan%3ECentro%20de%20distribuci%26oacute%3Bn%20y%20log%26iacute%3Bstica%C2%A0%3C%2Fp%3E%0A%0A%09%09%09%09%09%09%3Cp%3EDomicilio%3A%20Estados%20Unidos%205132%2C%C2%A0%C2%A0%26Aacute%3Brea%20de%20Promoci%26oacute%3Bn%20Tortuguitas%2C%20Pcia.%20de%20Buenos%20Aires.%20%C2%A0Tel%3A%20(011)%205650-9895.%3C%2Fp%3E%0A%09%09%09%09%09%09%3C%2Ftd%3E%0A%09%09%09%09%09%3C%2Ftr%3E%0A%09%09%09%09%09%3Ctr%3E%0A%09%09%09%09%09%09%3Ctd%3E%C2%A0%3C%2Ftd%3E%0A%09%09%09%09%09%09%3Ctd%3E%C2%A0%3C%2Ftd%3E%0A%09%09%09%09%09%09%3Ctd%3E%0A%09%09%09%09%09%09%3Cp%3E%C2%A0%3C%2Fp%3E%0A%09%09%09%09%09%09%3C%2Ftd%3E%0A%09%09%09%09%09%3C%2Ftr%3E%0A%09%09%09%09%3C%2Ftbody%3E%0A%09%09%09%3C%2Ftable%3E%0A%0A%09%09%09%3Cp%3E%3Cbr%20%2F%3E%0A%09%09%09%3Cbr%20%2F%3E%0A%09%09%09%3Cspan%20style%3D%22font-size%3A18px%3B%22%3E%3Cu%3E%3Cstrong%3EDELEGACIONES%20COMERCIALES%3C%2Fstrong%3E%3C%2Fu%3E%3C%2Fspan%3E%3C%2Fp%3E%0A%0A%09%09%09%3Cp%3E%3Cspan%20style%3D%22font-size%3A16px%3B%22%3E%3Cstrong%3EC%26oacute%3Brdoba%3C%2Fstrong%3E%3C%2Fspan%3E%3Cbr%20%2F%3E%0A%09%09%09Domicilio%3A%20Avda.%20Luis%20de%20Tejeda%20Nro.%204217%20-%202o.%20piso%20-%20Of.%206.%20CP%3A%205009%3C%2Fp%3E%0A%0A%09%09%09%3Cp%3ETel%3A%20(0351)%20442-9607%3Cbr%20%2F%3E%0A%09%09%09%3Cbr%20%2F%3E%0A%09%09%09%3Cspan%20style%3D%22font-size%3A16px%3B%22%3E%3Cstrong%3EMendoza%3A%20%3C%2Fstrong%3E%3C%2Fspan%3E%3Cbr%20%2F%3E%0A%09%09%09Domicilio%3A%20Mart%26iacute%3Bn%20Zapata%20380%2C%20Cdad.%20Mendoza%2C%20Pcia.%20de%20Mendoza.%20CP%3A%205500%3Cbr%20%2F%3E%0A%09%09%09Tel%3A%20(0261)%20429-5340%3Cbr%20%2F%3E%0A%09%09%09%3Cbr%20%2F%3E%0A%09%09%09%3Cspan%20style%3D%22font-size%3A16px%3B%22%3E%3Cstrong%3ERosario%3A%3C%2Fstrong%3E%3C%2Fspan%3E%3Cbr%20%2F%3E%0A%09%09%09Av%20Pellegrini%201933%20Piso%2010%20Of.%20A%2C%20Rosario.CP%3A2000%3C%2Fp%3E%0A%0A%09%09%09%3Cp%3ETEL%3A%200341-4237850%3C%2Fp%3E%0A%0A%09%09%09%3Cp%3E%3Cspan%20style%3D%22font-size%3A16px%3B%22%3E%3Cstrong%3EBah%26iacute%3Ba%20Blanca%3A%3C%2Fstrong%3E%3C%2Fspan%3E%3Cbr%20%2F%3E%0A%09%09%09Domicilio%3A%20Av.%20Col%26oacute%3Bn%20369%2C%204to%20Piso%2C%20Oficina%20C%2C%20Cdad.%20Bah%26iacute%3Ba%20Blanca%2C%20Pcia%20de%20Buenos%20Aires.%20CP%3A%208000%3Cbr%20%2F%3E%0A%09%09%09Tel%3A%20(0291)%20452-9331%3C%2Fp%3E%0A%0A%09%09%09%3Cp%3E%3Cspan%20style%3D%22font-size%3A16px%3B%22%3E%3Cstrong%3ESanta%20Fe%3A%3C%2Fstrong%3E%3C%2Fspan%3E%3C%2Fp%3E%0A%09%09%09%3C%2Ftd%3E%0A%09%09%3C%2Ftr%3E%0A%09%3C%2Ftbody%3E%0A%3C%2Ftable%3E%0A%3C%2Fbody%3E%0A%3C%2Fhtml%3E%0A</value></preference><preference><key>sourceCode</key><value>false</value></preference><permissions><permission><tenantCode>?</tenantCode><code>widgetPageView</code><description>permission.widget.pageview</description><role>user</role></permission><permission><tenantCode>?</tenantCode><code>widgetPageEdit</code><description>permission.widget.pageedit</description><role>admin</role></permission><permission><tenantCode>?</tenantCode><code>widgetPagePermission</code><description>permission.widget.pagepermission</description><role>admin</role></permission></permissions><systemWidget>false</systemWidget><enabledMobileApp>false</enabledMobileApp></slot><slot><name>SlotLogin</name><widget>sociallogin</widget><showWidgetTitle>true</showWidgetTitle><permissions><permission><tenantCode>?</tenantCode><code>widgetPageView</code><description>permission.widget.pageview</description><role>user</role></permission><permission><tenantCode>?</tenantCode><code>widgetPageEdit</code><description>permission.widget.pageedit</description><role>admin</role></permission><permission><tenantCode>?</tenantCode><code>widgetPagePermission</code><description>permission.widget.pagepermission</description><role>admin</role></permission></permissions><systemWidget>true</systemWidget><enabledMobileApp>false</enabledMobileApp></slot></slots><datas/><permissions><permission><tenantCode>?</tenantCode><code>pageView</code><description>permission.page.view</description><role>user</role></permission><permission><tenantCode>?</tenantCode><code>pageUpdate</code><description>permission.page.update</description><user>procesobpm</user></permission><permission><tenantCode>?</tenantCode><code>pageRemove</code><description>permission.page.remove</description><user>procesobpm</user></permission><permission><tenantCode>?</tenantCode><code>pageView</code><description>permission.page.view</description><role>ADM-PORTAL</role></permission><permission><tenantCode>?</tenantCode><code>pageUpdate</code><description>permission.page.update</description><role>ADM-PORTAL</role></permission></permissions><disableChildLevel>true</disableChildLevel><menuGroup>false</menuGroup></page><page><code>fotosyvideos</code><title>Fotos y Videos</title><description>Página Fotos y Videos del Portal Intranet</description><hidden>false</hidden><auth>1</auth><layout>raf_layoutPortal_full</layout><theme>themedefault</theme><enabledChildren>false</enabledChildren><enabledPathParam>false</enabledPathParam><enabledMobileApp>false</enabledMobileApp><parentCode>intranet</parentCode><tenantCode>?</tenantCode><editable>true</editable><displayOrder>240</displayOrder><internalPage>false</internalPage><slots><slot><name>Slot</name><widget>raf_album</widget><showWidgetTitle>true</showWidgetTitle><preference><key>widgetId</key><value>rafAlbum1</value></preference><preference><key>folderId</key><value>2194</value></preference><preference><key>customCss</key><value>{{container}} .raf-album-nav {
    width: 100%;
    margin: auto;
}

{{container}} .raf-album-nav button {
    margin: 0px 5px 10px 0px;
}

{{container}} .raf-album-gallery {
    max-width: 100% !important;
    margin: auto;
}</value></preference><preference><key>unitegalleryParams</key><value>{
    theme_text_type: "title"    /* (title|description) Indica si el texto se muestara como título o como descripción. */ 
}</value></preference><permissions><permission><tenantCode>?</tenantCode><code>widgetPageView</code><description>permission.widget.pageview</description><role>user</role></permission><permission><tenantCode>?</tenantCode><code>widgetPageEdit</code><description>permission.widget.pageedit</description><role>admin</role></permission><permission><tenantCode>?</tenantCode><code>widgetPagePermission</code><description>permission.widget.pagepermission</description><role>admin</role></permission></permissions><systemWidget>false</systemWidget><enabledMobileApp>false</enabledMobileApp></slot><slot><name>SlotHeaderLiquid</name><widget>liquid_header</widget><showWidgetTitle>false</showWidgetTitle><permissions><permission><tenantCode>?</tenantCode><code>widgetPageView</code><description>permission.widget.pageview</description><role>user</role></permission><permission><tenantCode>?</tenantCode><code>widgetPageEdit</code><description>permission.widget.pageedit</description><role>admin</role></permission><permission><tenantCode>?</tenantCode><code>widgetPagePermission</code><description>permission.widget.pagepermission</description><role>admin</role></permission></permissions><systemWidget>false</systemWidget><enabledMobileApp>false</enabledMobileApp></slot><slot><name>SlotLogin</name><widget>sociallogin</widget><showWidgetTitle>true</showWidgetTitle><permissions><permission><tenantCode>?</tenantCode><code>widgetPageView</code><description>permission.widget.pageview</description><role>user</role></permission><permission><tenantCode>?</tenantCode><code>widgetPageEdit</code><description>permission.widget.pageedit</description><role>admin</role></permission><permission><tenantCode>?</tenantCode><code>widgetPagePermission</code><description>permission.widget.pagepermission</description><role>admin</role></permission></permissions><systemWidget>true</systemWidget><enabledMobileApp>false</enabledMobileApp></slot><slot><name>SlotMenuLiquid</name><widget>liquid_menu</widget><showWidgetTitle>false</showWidgetTitle><permissions><permission><tenantCode>?</tenantCode><code>widgetPageView</code><description>permission.widget.pageview</description><role>user</role></permission><permission><tenantCode>?</tenantCode><code>widgetPageEdit</code><description>permission.widget.pageedit</description><role>admin</role></permission><permission><tenantCode>?</tenantCode><code>widgetPagePermission</code><description>permission.widget.pagepermission</description><role>admin</role></permission></permissions><systemWidget>false</systemWidget><enabledMobileApp>false</enabledMobileApp></slot></slots><datas/><permissions><permission><tenantCode>?</tenantCode><code>pageView</code><description>permission.page.view</description><role>user</role></permission><permission><tenantCode>?</tenantCode><code>pageUpdate</code><description>permission.page.update</description><user>procesobpm</user></permission><permission><tenantCode>?</tenantCode><code>pageRemove</code><description>permission.page.remove</description><user>procesobpm</user></permission></permissions><disableChildLevel>true</disableChildLevel><menuGroup>false</menuGroup></page><page><code>procedimientos</code><title>Intranet Procedimientos</title><description>Página Procedimientos del Portal Intranet</description><hidden>false</hidden><auth>1</auth><layout>raf_layoutPortal_full</layout><theme>themedefault</theme><enabledChildren>false</enabledChildren><enabledPathParam>false</enabledPathParam><enabledMobileApp>false</enabledMobileApp><parentCode>intranet</parentCode><tenantCode>?</tenantCode><editable>true</editable><displayOrder>245</displayOrder><internalPage>false</internalPage><slots><slot><name>Slot</name><widget>raf_navegadorGED</widget><showWidgetTitle>true</showWidgetTitle><preference><key>widgetId</key><value>rafNavegadorGED2</value></preference><preference><key>widgetTitle</key><value>Procedimientos</value></preference><preference><key>rootFolderId</key><value>2340</value></preference><preference><key>customCss</key><value>{{container}} .raf-navegadorGED-widgetTitle {
    font-family: \'Flama\',sans-serif; 
    font-weight: 700; 
    font-size: 1.5em; 
    margin-top: 10px;
}
{{container}} .raf-navegadorGED-table {
    width: 100%;
}
{{container}} .raf-navegadorGED-path {
    padding: 6px 12px;
    border: 1px solid #ccc;
    border-radius: 4px;
    display: inline-block;
    width: 94%;
    overflow: hidden;
    text-overflow: ellipsis;
    margin-bottom:-14px;
    background-color: white;
}
{{container}} .raf-navegadorGED-pathLabel {
    font-weight: 700;
    margin-left: 10px;
}
{{container}} .raf-navegadorGED-btnReturn {
    width: 5%;
}
#ecm-documentview-toolbar {
    display: none;
}
{{container}} .pathSeparator {
    font-size: 8px;
    position: relative;
    top: -1px;
}
{{container}} .pathNode{
    cursor: pointer;
    margin: 0 5px;
}
{{container}} .pathNode:hover{
     color: #720023
}
.pccViewerControl *{
    font-family: inherit;
}
#document_viewer_container [data-pcc-print]{
    display:none;
}</value></preference><preference><key>columns</key><value>[{"title":"Descripcion","fieldId":"documentDescription"},{"title":"Fecha de última modificación","fieldId":"lastModifiedDate"},{"title":"Publicador","fieldId":"publisherName"},{"title":"Versión","fieldId":"version"}]</value></preference><preference><key>rowTemplate</key><value>&lt;td class="col-md-3"&gt;&lt;img width="24" src="{{iconPath}}"&gt;&lt;span style="margin-left:10px;"&gt;{{documentDescription}}&lt;/span&gt;&lt;/td&gt;&lt;td class="col-md-2"&gt;{{lastModifiedDate}}&lt;/td&gt;&lt;td class="col-md-2"&gt;{{publisherName}}&lt;/td&gt;&lt;td class="col-md-2"&gt;{{version}}&lt;/td&gt;</value></preference><permissions><permission><tenantCode>?</tenantCode><code>widgetPageView</code><description>permission.widget.pageview</description><role>user</role></permission><permission><tenantCode>?</tenantCode><code>widgetPageEdit</code><description>permission.widget.pageedit</description><role>admin</role></permission><permission><tenantCode>?</tenantCode><code>widgetPagePermission</code><description>permission.widget.pagepermission</description><role>admin</role></permission></permissions><systemWidget>false</systemWidget><enabledMobileApp>false</enabledMobileApp></slot><slot><name>SlotLogin</name><widget>sociallogin</widget><showWidgetTitle>true</showWidgetTitle><permissions><permission><tenantCode>?</tenantCode><code>widgetPageView</code><description>permission.widget.pageview</description><role>user</role></permission><permission><tenantCode>?</tenantCode><code>widgetPageEdit</code><description>permission.widget.pageedit</description><role>admin</role></permission><permission><tenantCode>?</tenantCode><code>widgetPagePermission</code><description>permission.widget.pagepermission</description><role>admin</role></permission></permissions><systemWidget>true</systemWidget><enabledMobileApp>false</enabledMobileApp></slot></slots><datas/><permissions><permission><tenantCode>?</tenantCode><code>pageView</code><description>permission.page.view</description><role>user</role></permission><permission><tenantCode>?</tenantCode><code>pageUpdate</code><description>permission.page.update</description><user>procesobpm</user></permission><permission><tenantCode>?</tenantCode><code>pageRemove</code><description>permission.page.remove</description><user>procesobpm</user></permission><permission><tenantCode>?</tenantCode><code>pageUpdate</code><description>permission.page.update</description><group>ADM-PORTAL</group></permission><permission><tenantCode>?</tenantCode><code>pageView</code><description>permission.page.view</description><group>ADM-PORTAL</group></permission></permissions><disableChildLevel>true</disableChildLevel><menuGroup>false</menuGroup></page><page><code>aplicaciones</code><title>Intranet Aplicaciones</title><description>Página Aplicacionesdel Portal Intranet</description><hidden>false</hidden><auth>1</auth><layout>raf_layoutPortal_full</layout><theme>themedefault</theme><enabledChildren>false</enabledChildren><enabledPathParam>false</enabledPathParam><enabledMobileApp>false</enabledMobileApp><parentCode>intranet</parentCode><tenantCode>?</tenantCode><editable>true</editable><displayOrder>247</displayOrder><internalPage>false</internalPage><slots><slot><name>Slot</name><widget>raf_tableros</widget><showWidgetTitle>true</showWidgetTitle><preference><key>widgetId</key><value>rafTableros1</value></preference><preference><key>widgetTitle</key><value>Aplicaciones</value></preference><preference><key>datasetName</key><value>AplicacionesIntranet</value></preference><preference><key>linkInclude</key><value>/intranet/include</value></preference><preference><key>idIncludeWidget</key><value>rafInclude1</value></preference><preference><key>customCss</key><value>{{container}} .raf-tableros-widgetTitle {
    font-family: 'Flama',  sans-serif; 
    font-weight: 700;
    font-size: 1.5em; 
    margin-top: 10px;
    margin-bottom: 10px;
}
{{container}} .gridImage{
    height: 110px;
}
{{container}} .gridCaption{
    height: 40px;
    border-top: 1px solid #ddd;
    margin-bottom: 5px;
    transition: border .2s ease-in-out;
    margin-top: 4px;
}
{{container}} a.active .gridCaption{
    border-color: #720023;
    transition: border .2s ease-in-out;
}
{{container}} .raf-tableros-grid a{
    text-decoration: none;
}
{{container}} .gridCaption h3{
    margin-top: 5px;
    text-align: center;
}
{{container}} .gridCaption p{
    text-align: justify;
}
{{container}} .thumbnail:hover{
    border-color: #720023;
}
.raf-tableros-grid .col-md-3 {
     width: 16.66666667%;
}</value></preference><permissions><permission><tenantCode>?</tenantCode><code>widgetPageView</code><description>permission.widget.pageview</description><role>user</role></permission><permission><tenantCode>?</tenantCode><code>widgetPageEdit</code><description>permission.widget.pageedit</description><role>admin</role></permission><permission><tenantCode>?</tenantCode><code>widgetPagePermission</code><description>permission.widget.pagepermission</description><role>admin</role></permission></permissions><systemWidget>false</systemWidget><enabledMobileApp>false</enabledMobileApp></slot><slot><name>SlotLogin</name><widget>sociallogin</widget><showWidgetTitle>true</showWidgetTitle><permissions><permission><tenantCode>?</tenantCode><code>widgetPageView</code><description>permission.widget.pageview</description><role>user</role></permission><permission><tenantCode>?</tenantCode><code>widgetPageEdit</code><description>permission.widget.pageedit</description><role>admin</role></permission><permission><tenantCode>?</tenantCode><code>widgetPagePermission</code><description>permission.widget.pagepermission</description><role>admin</role></permission></permissions><systemWidget>true</systemWidget><enabledMobileApp>false</enabledMobileApp></slot></slots><datas/><permissions><permission><tenantCode>?</tenantCode><code>pageView</code><description>permission.page.view</description><role>user</role></permission><permission><tenantCode>?</tenantCode><code>pageUpdate</code><description>permission.page.update</description><user>procesobpm</user></permission><permission><tenantCode>?</tenantCode><code>pageRemove</code><description>permission.page.remove</description><user>procesobpm</user></permission><permission><tenantCode>?</tenantCode><code>pageView</code><description>permission.page.view</description><group>ADM-PORTAL</group></permission><permission><tenantCode>?</tenantCode><code>pageUpdate</code><description>permission.page.update</description><group>ADM-PORTAL</group></permission></permissions><disableChildLevel>true</disableChildLevel><menuGroup>false</menuGroup></page><page><code>tableros</code><title>Intranet Tableros</title><description>Página Tableros del Portal Intranet</description><hidden>false</hidden><auth>1</auth><layout>raf_layoutPortal_full</layout><theme>themedefault</theme><enabledChildren>false</enabledChildren><enabledPathParam>false</enabledPathParam><enabledMobileApp>false</enabledMobileApp><parentCode>intranet</parentCode><tenantCode>?</tenantCode><editable>true</editable><displayOrder>248</displayOrder><internalPage>false</internalPage><slots><slot><name>Slot</name><widget>raf_tableros</widget><showWidgetTitle>true</showWidgetTitle><preference><key>widgetId</key><value>rafTableros1</value></preference><preference><key>widgetTitle</key><value>Tableros</value></preference><preference><key>datasetName</key><value>TablerosIntranet</value></preference><preference><key>linkInclude</key><value>/intranet/include</value></preference><preference><key>idIncludeWidget</key><value>rafInclude1</value></preference><preference><key>customCss</key><value>{{container}} .raf-tableros-widgetTitle {
    font-family: 'Flama',  sans-serif; 
    font-weight: 700;
    font-size: 1.5em; 
    margin-top: 10px;
    margin-bottom: 10px;
}
{{container}} .gridImage{
    height: 150px;
}
{{container}} .gridCaption{
    height: 40px;
    border-top: 1px solid #ddd;
    margin-bottom: 5px;
    transition: border .2s ease-in-out;
    margin-top: 4px;
}
{{container}} a.active .gridCaption{
    border-color: #720023;
    transition: border .2s ease-in-out;
}
{{container}} .raf-tableros-grid a{
    text-decoration: none;
}
{{container}} .gridCaption h3{
    margin-top: 5px;
    text-align: center;
}
{{container}} .gridCaption p{
    text-align: justify;
}
{{container}} .thumbnail:hover{
    border-color: #720023;
}
.raf-tableros-grid .col-md-3 {
     width: 25%;
}</value></preference><permissions><permission><tenantCode>?</tenantCode><code>widgetPageView</code><description>permission.widget.pageview</description><role>user</role></permission><permission><tenantCode>?</tenantCode><code>widgetPageEdit</code><description>permission.widget.pageedit</description><role>admin</role></permission><permission><tenantCode>?</tenantCode><code>widgetPagePermission</code><description>permission.widget.pagepermission</description><role>admin</role></permission></permissions><systemWidget>false</systemWidget><enabledMobileApp>false</enabledMobileApp></slot><slot><name>SlotLogin</name><widget>sociallogin</widget><showWidgetTitle>true</showWidgetTitle><permissions><permission><tenantCode>?</tenantCode><code>widgetPageView</code><description>permission.widget.pageview</description><role>user</role></permission><permission><tenantCode>?</tenantCode><code>widgetPageEdit</code><description>permission.widget.pageedit</description><role>admin</role></permission><permission><tenantCode>?</tenantCode><code>widgetPagePermission</code><description>permission.widget.pagepermission</description><role>admin</role></permission></permissions><systemWidget>true</systemWidget><enabledMobileApp>false</enabledMobileApp></slot></slots><datas/><permissions><permission><tenantCode>?</tenantCode><code>pageView</code><description>permission.page.view</description><role>user</role></permission><permission><tenantCode>?</tenantCode><code>pageUpdate</code><description>permission.page.update</description><user>procesobpm</user></permission><permission><tenantCode>?</tenantCode><code>pageRemove</code><description>permission.page.remove</description><user>procesobpm</user></permission><permission><tenantCode>?</tenantCode><code>pageView</code><description>permission.page.view</description><group>ADM-PORTAL</group></permission><permission><tenantCode>?</tenantCode><code>pageUpdate</code><description>permission.page.update</description><group>ADM-PORTAL</group></permission></permissions><disableChildLevel>true</disableChildLevel><menuGroup>false</menuGroup></page><page><code>encuestas</code><title>Intranet Encuestas</title><description>Página Encuestas del Portal Intranet</description><hidden>false</hidden><auth>1</auth><layout>raf_layoutPortal_full</layout><theme>themedefault</theme><enabledChildren>false</enabledChildren><enabledPathParam>false</enabledPathParam><enabledMobileApp>false</enabledMobileApp><parentCode>intranet</parentCode><tenantCode>?</tenantCode><editable>true</editable><displayOrder>249</displayOrder><internalPage>false</internalPage><slots><slot><name>Slot</name><widget>raf_encuestas</widget><showWidgetTitle>true</showWidgetTitle><preference><key>widgetId</key><value>rafEncuestas1</value></preference><preference><key>widgetTitle</key><value>Encuestas</value></preference><preference><key>rootFolderId</key><value>2497</value></preference><preference><key>template</key><value>&lt;li class="col-xs-12 col-md-4 encuestaRow"&gt;
    &lt;a class="thumbnail"&gt;
        &lt;div class="encuestaBody"&gt;
            &lt;div class="encuestaTitle"&gt;{{title}}&lt;/div&gt;
            &lt;div class="encuestaValidation"&gt;&lt;span class="fluigicon fluigicon-calendar"&gt;&lt;/span&gt; Desde: {{validationStartDate}} - Hasta: {{expirationDate}}&lt;/div&gt;
            &lt;div class="encuestaDescription"&gt;{{description}}&lt;/div&gt;
        &lt;/div&gt;
        &lt;div class="encuestaFooter"&gt;
            {{btnAnswer}} &lt;div class="clearfix"&gt;&lt;/div&gt;
        &lt;/div&gt;
    &lt;/a&gt;
&lt;/li&gt;</value></preference><preference><key>customCss</key><value>{{container}} .raf-encuestas-widgetTitle { font-family: 'Flama',sans-serif; font-weight: 700; font-size: 1.5em; margin-top: 10px; }
{{container}} .raf-encuestas-list { width: 100% }
    {{container}} .raf-encuestas-list .encuestaRow {  }
        {{container}} .raf-encuestas-list .encuestaRow a { padding: 10px; }
        {{container}} .raf-encuestas-list .encuestaRow a:hover { text-decoration:none; border-color:#720023; }
        {{container}} .raf-encuestas-list .encuestaRow .encuestaTitle { font-size:1.5em; }
        {{container}} .raf-encuestas-list .encuestaRow .encuestaValidation { font-style:italic; color: #9a9b9c; }
            {{container}} .raf-encuestas-list .encuestaRow .encuestaValidation .fluigicon-calendar { margin-right:2px; }
        {{container}} .raf-encuestas-list .encuestaRow .encuestaDescription {  height:100px; margin-top:5px; }
.modal-header {display:none !important;}</value></preference><permissions><permission><tenantCode>?</tenantCode><code>widgetPageView</code><description>permission.widget.pageview</description><role>user</role></permission><permission><tenantCode>?</tenantCode><code>widgetPageEdit</code><description>permission.widget.pageedit</description><role>admin</role></permission><permission><tenantCode>?</tenantCode><code>widgetPagePermission</code><description>permission.widget.pagepermission</description><role>admin</role></permission></permissions><systemWidget>false</systemWidget><enabledMobileApp>false</enabledMobileApp></slot><slot><name>SlotLogin</name><widget>sociallogin</widget><showWidgetTitle>true</showWidgetTitle><permissions><permission><tenantCode>?</tenantCode><code>widgetPageView</code><description>permission.widget.pageview</description><role>user</role></permission><permission><tenantCode>?</tenantCode><code>widgetPageEdit</code><description>permission.widget.pageedit</description><role>admin</role></permission><permission><tenantCode>?</tenantCode><code>widgetPagePermission</code><description>permission.widget.pagepermission</description><role>admin</role></permission></permissions><systemWidget>true</systemWidget><enabledMobileApp>false</enabledMobileApp></slot></slots><datas/><permissions><permission><tenantCode>?</tenantCode><code>pageView</code><description>permission.page.view</description><role>user</role></permission><permission><tenantCode>?</tenantCode><code>pageUpdate</code><description>permission.page.update</description><user>procesobpm</user></permission><permission><tenantCode>?</tenantCode><code>pageRemove</code><description>permission.page.remove</description><user>procesobpm</user></permission></permissions><disableChildLevel>true</disableChildLevel><menuGroup>false</menuGroup></page><page><code>descargaformularios</code><title>Intranet Descarga de Formularios</title><description>Página Descarga de Formularios del Portal Intranet</description><hidden>false</hidden><auth>1</auth><layout>raf_layoutPortal_full</layout><theme>themedefault</theme><enabledChildren>false</enabledChildren><enabledPathParam>false</enabledPathParam><enabledMobileApp>false</enabledMobileApp><parentCode>intranet</parentCode><tenantCode>?</tenantCode><editable>true</editable><displayOrder>246</displayOrder><internalPage>false</internalPage><slots><slot><name>Slot</name><widget>raf_navegadorGED</widget><showWidgetTitle>true</showWidgetTitle><preference><key>widgetId</key><value>rafNavegadorGED3</value></preference><preference><key>widgetTitle</key><value>Descarga de Formularios</value></preference><preference><key>rootFolderId</key><value>2341</value></preference><preference><key>customCss</key><value>{{container}} .raf-navegadorGED-widgetTitle {
    font-family: \'Flama\',sans-serif; 
    font-weight: 700; 
    font-size: 1.5em; 
    margin-top: 10px;
}
{{container}} .raf-navegadorGED-table {
    width: 100%;
}
{{container}} .raf-navegadorGED-path {
    padding: 6px 12px;
    border: 1px solid #ccc;
    border-radius: 4px;
    display: inline-block;
    width: 94%;
    overflow: hidden;
    text-overflow: ellipsis;
    margin-bottom:-14px;
    background-color: white;
}
{{container}} .raf-navegadorGED-pathLabel {
    font-weight: 700;
    margin-left: 10px;
}
{{container}} .raf-navegadorGED-btnReturn {
    width: 5%;
}
#ecm-documentview-toolbar {
    display: none;
}
{{container}} .pathSeparator {
    font-size: 8px;
    position: relative;
    top: -1px;
}
{{container}} .pathNode{
    cursor: pointer;
    margin: 0 5px;
}
{{container}} .pathNode:hover{
     color: #720023
}
.pccViewerControl *{
    font-family: inherit;
}
#document_viewer_container [data-pcc-print]{
    display:none;
}</value></preference><preference><key>columns</key><value>[{"title":"Descripcion","fieldId":"documentDescription"},{"title":"Fecha de última modificación","fieldId":"lastModifiedDate"},{"title":"Versión","fieldId":"version"}]</value></preference><preference><key>rowTemplate</key><value>&lt;td class="col-md-3"&gt;&lt;img width="24" src="{{iconPath}}"&gt;&lt;span style="margin-left:10px;"&gt;{{documentDescription}}&lt;/span&gt;&lt;/td&gt;&lt;td class="col-md-2"&gt;{{lastModifiedDate}}&lt;/td&gt;&lt;td class="col-md-2"&gt;{{version}}&lt;/td&gt;</value></preference><permissions><permission><tenantCode>?</tenantCode><code>widgetPageView</code><description>permission.widget.pageview</description><role>user</role></permission><permission><tenantCode>?</tenantCode><code>widgetPageEdit</code><description>permission.widget.pageedit</description><role>admin</role></permission><permission><tenantCode>?</tenantCode><code>widgetPagePermission</code><description>permission.widget.pagepermission</description><role>admin</role></permission></permissions><systemWidget>false</systemWidget><enabledMobileApp>false</enabledMobileApp></slot><slot><name>SlotHeaderLiquid</name><widget>liquid_header</widget><showWidgetTitle>false</showWidgetTitle><permissions><permission><tenantCode>?</tenantCode><code>widgetPageView</code><description>permission.widget.pageview</description><role>user</role></permission><permission><tenantCode>?</tenantCode><code>widgetPageEdit</code><description>permission.widget.pageedit</description><role>admin</role></permission><permission><tenantCode>?</tenantCode><code>widgetPagePermission</code><description>permission.widget.pagepermission</description><role>admin</role></permission></permissions><systemWidget>false</systemWidget><enabledMobileApp>false</enabledMobileApp></slot><slot><name>SlotLogin</name><widget>sociallogin</widget><showWidgetTitle>true</showWidgetTitle><permissions><permission><tenantCode>?</tenantCode><code>widgetPageView</code><description>permission.widget.pageview</description><role>user</role></permission><permission><tenantCode>?</tenantCode><code>widgetPageEdit</code><description>permission.widget.pageedit</description><role>admin</role></permission><permission><tenantCode>?</tenantCode><code>widgetPagePermission</code><description>permission.widget.pagepermission</description><role>admin</role></permission></permissions><systemWidget>true</systemWidget><enabledMobileApp>false</enabledMobileApp></slot><slot><name>SlotMenuLiquid</name><widget>liquid_menu</widget><showWidgetTitle>false</showWidgetTitle><permissions><permission><tenantCode>?</tenantCode><code>widgetPageView</code><description>permission.widget.pageview</description><role>user</role></permission><permission><tenantCode>?</tenantCode><code>widgetPageEdit</code><description>permission.widget.pageedit</description><role>admin</role></permission><permission><tenantCode>?</tenantCode><code>widgetPagePermission</code><description>permission.widget.pagepermission</description><role>admin</role></permission></permissions><systemWidget>false</systemWidget><enabledMobileApp>false</enabledMobileApp></slot></slots><datas/><permissions><permission><tenantCode>?</tenantCode><code>pageView</code><description>permission.page.view</description><role>user</role></permission><permission><tenantCode>?</tenantCode><code>pageUpdate</code><description>permission.page.update</description><user>procesobpm</user></permission><permission><tenantCode>?</tenantCode><code>pageRemove</code><description>permission.page.remove</description><user>procesobpm</user></permission></permissions><disableChildLevel>true</disableChildLevel><menuGroup>false</menuGroup></page><page><code>telefonos</code><title>Intranet Teléfonos</title><description>Página Teléfonos del Portal Intranet</description><hidden>false</hidden><auth>1</auth><layout>raf_layoutPortal_full</layout><theme>themedefault</theme><enabledChildren>false</enabledChildren><enabledPathParam>false</enabledPathParam><enabledMobileApp>false</enabledMobileApp><parentCode>intranet</parentCode><tenantCode>?</tenantCode><editable>true</editable><displayOrder>241</displayOrder><internalPage>false</internalPage><slots><slot><name>Slot</name><widget>raf_agenda</widget><showWidgetTitle>true</showWidgetTitle><preference><key>widgetId</key><value>rafAgenda1</value></preference><preference><key>customCss</key><value>{{container}} .raf-agenda-table {
    width: 100%;
}
{{container}} .raf-agenda-table tr td {
    vertical-align: middle;
}
{{container}} #fluig-data-table-input {
    z-index:0;
}
{{container}} .blockUI.blockOverlay {
    z-index: 0 !important;
}
{{container}} .table-datatable * {
    font-family:'Flama', sans-serif;
}
{{container}} #datatable-area-search {
    padding-left: 30px;
    padding-right: 0px;
}
{{container}} .export {
    position: absolute;
}</value></preference><preference><key>rowTemplate</key><value>&lt;tr&gt;
    &lt;td class="col-md-1"&gt;
  		&lt;img width="50" height="50" src="https://raffo.rhpro.com/rhprox2/fotos/{{legajo}}.jpg" onerror="rafAgendaFactory.setDefaultSrc(this,'{{legajo}}','{{usuarioGenerico}}')"&gt;
    &lt;/td&gt;
    &lt;td class="col-md-2"&gt;
    	{{#apellidoynombre}}
			{{apellidoynombre}}
		{{/apellidoynombre}}
		{{^apellidoynombre}}
			-
		{{/apellidoynombre}}
	&lt;/td&gt;
    &lt;td class="col-md-2"&gt;
    	{{#sede}}
			{{sede}}
		{{/sede}}
		{{^sede}}
			-
		{{/sede}}
	&lt;/td&gt;
    &lt;td class="col-md-1"&gt;
    	{{#departamento}}
			{{departamento}}
		{{/departamento}}
		{{^departamento}}
			-
		{{/departamento}}
	&lt;/td&gt;
    &lt;td class="col-md-2"&gt;
    	{{#puesto}}
			{{puesto}}
		{{/puesto}}
		{{^puesto}}
			-
		{{/puesto}}
	&lt;/td&gt;
    &lt;td class="col-md-1"&gt;
    	{{#interno}}
			{{interno}}
		{{/interno}}
		{{^interno}}
			-
		{{/interno}}
	&lt;/td&gt;
    &lt;td class="col-md-1"&gt;
    	{{#celular}}
			{{celular}}
		{{/celular}}
		{{^celular}}
			-
		{{/celular}}
	&lt;/td&gt;
    &lt;td class="col-md-2"&gt;
    	{{#mail}}
			&lt;a href="mailto:{{mail}}"&gt;{{mail}}&lt;/a&gt;
		{{/mail}}
		{{^mail}}
			-
		{{/mail}}
	&lt;/td&gt;
&lt;/tr&gt;</value></preference><preference><key>widgetTitle</key><value></value></preference><permissions><permission><tenantCode>?</tenantCode><code>widgetPageView</code><description>permission.widget.pageview</description><role>user</role></permission><permission><tenantCode>?</tenantCode><code>widgetPageEdit</code><description>permission.widget.pageedit</description><role>admin</role></permission><permission><tenantCode>?</tenantCode><code>widgetPagePermission</code><description>permission.widget.pagepermission</description><role>admin</role></permission></permissions><systemWidget>false</systemWidget><enabledMobileApp>false</enabledMobileApp></slot><slot><name>SlotHeaderLiquid</name><widget>liquid_header</widget><showWidgetTitle>false</showWidgetTitle><permissions><permission><tenantCode>?</tenantCode><code>widgetPageView</code><description>permission.widget.pageview</description><role>user</role></permission><permission><tenantCode>?</tenantCode><code>widgetPageEdit</code><description>permission.widget.pageedit</description><role>admin</role></permission><permission><tenantCode>?</tenantCode><code>widgetPagePermission</code><description>permission.widget.pagepermission</description><role>admin</role></permission></permissions><systemWidget>false</systemWidget><enabledMobileApp>false</enabledMobileApp></slot><slot><name>SlotLogin</name><widget>sociallogin</widget><showWidgetTitle>true</showWidgetTitle><permissions><permission><tenantCode>?</tenantCode><code>widgetPageView</code><description>permission.widget.pageview</description><role>user</role></permission><permission><tenantCode>?</tenantCode><code>widgetPageEdit</code><description>permission.widget.pageedit</description><role>admin</role></permission><permission><tenantCode>?</tenantCode><code>widgetPagePermission</code><description>permission.widget.pagepermission</description><role>admin</role></permission></permissions><systemWidget>true</systemWidget><enabledMobileApp>false</enabledMobileApp></slot><slot><name>SlotMenuLiquid</name><widget>liquid_menu</widget><showWidgetTitle>false</showWidgetTitle><permissions><permission><tenantCode>?</tenantCode><code>widgetPageView</code><description>permission.widget.pageview</description><role>user</role></permission><permission><tenantCode>?</tenantCode><code>widgetPageEdit</code><description>permission.widget.pageedit</description><role>admin</role></permission><permission><tenantCode>?</tenantCode><code>widgetPagePermission</code><description>permission.widget.pagepermission</description><role>admin</role></permission></permissions><systemWidget>false</systemWidget><enabledMobileApp>false</enabledMobileApp></slot></slots><datas/><permissions><permission><tenantCode>?</tenantCode><code>pageView</code><description>permission.page.view</description><role>ADM-PORTAL</role></permission><permission><tenantCode>?</tenantCode><code>pageUpdate</code><description>permission.page.update</description><role>ADM-PORTAL</role></permission></permissions><disableChildLevel>true</disableChildLevel><menuGroup>false</menuGroup></page><page><code>novedades</code><title>Intranet Novedades</title><description>Página Novedades del Portal Intranet</description><hidden>false</hidden><auth>1</auth><layout>raf_layoutPortal_full</layout><theme>themedefault</theme><enabledChildren>false</enabledChildren><enabledPathParam>false</enabledPathParam><enabledMobileApp>false</enabledMobileApp><parentCode>intranet</parentCode><tenantCode>?</tenantCode><editable>true</editable><displayOrder>239</displayOrder><internalPage>false</internalPage><slots><slot><name>Slot</name><widget>raf_novedades</widget><showWidgetTitle>true</showWidgetTitle><preference><key>widgetId</key><value>rafNovedades1</value></preference><preference><key>folderId</key><value>2539</value></preference><preference><key>linkInclude</key><value>/intranet/include</value></preference><preference><key>idIncludeWidget</key><value>rafInclude1</value></preference><preference><key>template</key><value>&lt;li class="novedadItem"&gt;
	&lt;div class="imgDiv"&gt;
		&lt;a class="novedadLink" href="{{link}}"&gt;&lt;img src="{{imageUrl}}"/&gt;&lt;/a&gt;
	&lt;/div&gt;
	&lt;div class="textDiv"&gt;
		&lt;h3&gt;
			&lt;a class="novedadLink" href="{{link}}"&gt;{{title}}&lt;/a&gt;
		&lt;/h3&gt;
		{{description}}
	&lt;/div&gt;
&lt;/li&gt;</value></preference><preference><key>customCss</key><value>{{container}} {width: 100%;}
	{{container}} .novedadItem {margin-bottom: 10px;}
		{{container}} .novedadItem:last-child {}
	{{container}} .novedadItem .imgDiv {float:left; height:110px; width:110px;}
		{{container}} .novedadItem .imgDiv img {height:100%; width:100%;}
	{{container}} .novedadItem .textDiv {height:110px; padding:0 10px 10px 10px; line-height:inherit; text-align:justify; overflow:hidden;}
		{{container}} .novedadItem .textDiv h3 {margin-top:0; margin-bottom:5px; font-weight: 700 !important;}
	{{container}} .novedadItem .novedadLink {color:#720023; text-decoration:underline; cursor:pointer;}
		{{container}} .novedadItem .novedadLink:hover {color:#b30155;}
        {{container}} .raf-novedades-widgetTitle {font-family: \'Flama\',sans-serif; font-weight: 700; font-size: 1.5em; padding: 10px 0; margin:0;}</value></preference><preference><key>maxCant</key><value>0</value></preference><preference><key>widgetTitle</key><value></value></preference><permissions><permission><tenantCode>?</tenantCode><code>widgetPageView</code><description>permission.widget.pageview</description><role>user</role></permission><permission><tenantCode>?</tenantCode><code>widgetPageEdit</code><description>permission.widget.pageedit</description><role>admin</role></permission><permission><tenantCode>?</tenantCode><code>widgetPagePermission</code><description>permission.widget.pagepermission</description><role>admin</role></permission></permissions><systemWidget>false</systemWidget><enabledMobileApp>false</enabledMobileApp></slot><slot><name>SlotHeaderLiquid</name><widget>liquid_header</widget><showWidgetTitle>false</showWidgetTitle><permissions><permission><tenantCode>?</tenantCode><code>widgetPageView</code><description>permission.widget.pageview</description><role>user</role></permission><permission><tenantCode>?</tenantCode><code>widgetPageEdit</code><description>permission.widget.pageedit</description><role>admin</role></permission><permission><tenantCode>?</tenantCode><code>widgetPagePermission</code><description>permission.widget.pagepermission</description><role>admin</role></permission></permissions><systemWidget>false</systemWidget><enabledMobileApp>false</enabledMobileApp></slot><slot><name>SlotLogin</name><widget>sociallogin</widget><showWidgetTitle>true</showWidgetTitle><permissions><permission><tenantCode>?</tenantCode><code>widgetPageView</code><description>permission.widget.pageview</description><role>user</role></permission><permission><tenantCode>?</tenantCode><code>widgetPageEdit</code><description>permission.widget.pageedit</description><role>admin</role></permission><permission><tenantCode>?</tenantCode><code>widgetPagePermission</code><description>permission.widget.pagepermission</description><role>admin</role></permission></permissions><systemWidget>true</systemWidget><enabledMobileApp>false</enabledMobileApp></slot><slot><name>SlotMenuLiquid</name><widget>liquid_menu</widget><showWidgetTitle>false</showWidgetTitle><permissions><permission><tenantCode>?</tenantCode><code>widgetPageView</code><description>permission.widget.pageview</description><role>user</role></permission><permission><tenantCode>?</tenantCode><code>widgetPageEdit</code><description>permission.widget.pageedit</description><role>admin</role></permission><permission><tenantCode>?</tenantCode><code>widgetPagePermission</code><description>permission.widget.pagepermission</description><role>admin</role></permission></permissions><systemWidget>false</systemWidget><enabledMobileApp>false</enabledMobileApp></slot></slots><datas/><permissions><permission><tenantCode>?</tenantCode><code>pageUpdate</code><description>permission.page.update</description><user>procesobpm</user></permission><permission><tenantCode>?</tenantCode><code>pageRemove</code><description>permission.page.remove</description><user>procesobpm</user></permission><permission><tenantCode>?</tenantCode><code>pageView</code><description>permission.page.view</description><user>usuba</user></permission><permission><tenantCode>?</tenantCode><code>pageView</code><description>permission.page.view</description><user>ususj</user></permission><permission><tenantCode>?</tenantCode><code>pageView</code><description>permission.page.view</description><role>user</role></permission><permission><tenantCode>?</tenantCode><code>pageView</code><description>permission.page.view</description><role>ADM-PORTAL</role></permission><permission><tenantCode>?</tenantCode><code>pageUpdate</code><description>permission.page.update</description><role>ADM-PORTAL</role></permission><permission><tenantCode>?</tenantCode><code>pageView</code><description>permission.page.view</description><group>ADM-PORTAL</group></permission><permission><tenantCode>?</tenantCode><code>pageUpdate</code><description>permission.page.update</description><group>ADM-PORTAL</group></permission></permissions><disableChildLevel>true</disableChildLevel><menuGroup>false</menuGroup></page><page><code>correspondencia</code><title>Intranet Correspondencia</title><description>Página Correspondencia del Portal Intranet</description><hidden>false</hidden><auth>1</auth><layout>raf_layoutPortal_full</layout><theme>themedefault</theme><enabledChildren>false</enabledChildren><enabledPathParam>false</enabledPathParam><enabledMobileApp>false</enabledMobileApp><parentCode>intranet</parentCode><tenantCode>?</tenantCode><editable>true</editable><displayOrder>243</displayOrder><internalPage>false</internalPage><slots><slot><name>Slot</name><widget>iframe</widget><showWidgetTitle>true</showWidgetTitle><preference><key>applicationTitle</key><value>Correspondencia</value></preference><preference><key>url</key><value>http://192.168.0.105/Correspondencia/alta_correo.php</value></preference><preference><key>applicationWidth</key><value>1200</value></preference><preference><key>applicationHeight</key><value>2000</value></preference><permissions><permission><tenantCode>?</tenantCode><code>widgetPageView</code><description>permission.widget.pageview</description><role>user</role></permission><permission><tenantCode>?</tenantCode><code>widgetPageEdit</code><description>permission.widget.pageedit</description><role>admin</role></permission><permission><tenantCode>?</tenantCode><code>widgetPagePermission</code><description>permission.widget.pagepermission</description><role>admin</role></permission></permissions><systemWidget>false</systemWidget><enabledMobileApp>false</enabledMobileApp></slot><slot><name>SlotLogin</name><widget>sociallogin</widget><showWidgetTitle>true</showWidgetTitle><permissions><permission><tenantCode>?</tenantCode><code>widgetPageView</code><description>permission.widget.pageview</description><role>user</role></permission><permission><tenantCode>?</tenantCode><code>widgetPageEdit</code><description>permission.widget.pageedit</description><role>admin</role></permission><permission><tenantCode>?</tenantCode><code>widgetPagePermission</code><description>permission.widget.pagepermission</description><role>admin</role></permission></permissions><systemWidget>true</systemWidget><enabledMobileApp>false</enabledMobileApp></slot></slots><datas/><permissions><permission><tenantCode>?</tenantCode><code>pageView</code><description>permission.page.view</description><role>user</role></permission><permission><tenantCode>?</tenantCode><code>pageUpdate</code><description>permission.page.update</description><user>procesobpm</user></permission><permission><tenantCode>?</tenantCode><code>pageRemove</code><description>permission.page.remove</description><user>procesobpm</user></permission></permissions><disableChildLevel>true</disableChildLevel><menuGroup>false</menuGroup></page><page><code>politicas</code><title>Intranet Políticas y Manuales</title><description>Página Políticas y Manuales del Portal Intranet</description><hidden>false</hidden><auth>1</auth><layout>raf_layoutPortal_full</layout><theme>themedefault</theme><enabledChildren>false</enabledChildren><enabledPathParam>false</enabledPathParam><enabledMobileApp>false</enabledMobileApp><parentCode>intranet</parentCode><tenantCode>?</tenantCode><editable>true</editable><displayOrder>244</displayOrder><internalPage>false</internalPage><slots><slot><name>Slot</name><widget>raf_navegadorGED</widget><showWidgetTitle>true</showWidgetTitle><preference><key>widgetId</key><value>rafNavegadorGED1</value></preference><preference><key>rootFolderId</key><value>2339</value></preference><preference><key>customCss</key><value>{{container}} .raf-navegadorGED-widgetTitle {
    font-family: \'Flama\',sans-serif; 
    font-weight: 700; 
    font-size: 1.5em; 
    margin-top: 10px;
}
{{container}} .raf-navegadorGED-table {
    width: 100%;
}
{{container}} .raf-navegadorGED-path {
    padding: 6px 12px;
    border: 1px solid #ccc;
    border-radius: 4px;
    display: inline-block;
    width: 94%;
    overflow: hidden;
    text-overflow: ellipsis;
    margin-bottom:-14px;
    background-color: white;
}
{{container}} .raf-navegadorGED-pathLabel {
    font-weight: 700;
    margin-left: 10px;
}
{{container}} .raf-navegadorGED-btnReturn {
    width: 5%;
}
#ecm-documentview-toolbar {
    display: none;
}
{{container}} .pathSeparator {
    font-size: 8px;
    position: relative;
    top: -1px;
}
{{container}} .pathNode{
    cursor: pointer;
    margin: 0 5px;
}
{{container}} .pathNode:hover{
     color: #720023
}
.pccViewerControl *{
    font-family: inherit;
}
#document_viewer_container [data-pcc-print]{
    display:none;
}</value></preference><preference><key>columns</key><value>[{"title":"Descripcion","fieldId":"documentDescription"},{"title":"Fecha de última modificación","fieldId":"lastModifiedDate"},{"title":"Publicador","fieldId":"publisherName"},{"title":"Versión","fieldId":"version"}]</value></preference><preference><key>rowTemplate</key><value>&lt;td class="col-md-3"&gt;&lt;img width="24" src="{{iconPath}}"&gt;&lt;span style="margin-left:10px;"&gt;{{documentDescription}}&lt;/span&gt;&lt;/td&gt;&lt;td class="col-md-2"&gt;{{lastModifiedDate}}&lt;/td&gt;&lt;td class="col-md-2"&gt;{{publisherName}}&lt;/td&gt;&lt;td class="col-md-2"&gt;{{version}}&lt;/td&gt;</value></preference><preference><key>widgetTitle</key><value>Políticas</value></preference><permissions><permission><tenantCode>?</tenantCode><code>widgetPageView</code><description>permission.widget.pageview</description><role>user</role></permission><permission><tenantCode>?</tenantCode><code>widgetPageEdit</code><description>permission.widget.pageedit</description><role>admin</role></permission><permission><tenantCode>?</tenantCode><code>widgetPagePermission</code><description>permission.widget.pagepermission</description><role>admin</role></permission></permissions><systemWidget>false</systemWidget><enabledMobileApp>false</enabledMobileApp></slot><slot><name>SlotHeaderLiquid</name><widget>liquid_header</widget><showWidgetTitle>false</showWidgetTitle><permissions><permission><tenantCode>?</tenantCode><code>widgetPageView</code><description>permission.widget.pageview</description><role>user</role></permission><permission><tenantCode>?</tenantCode><code>widgetPageEdit</code><description>permission.widget.pageedit</description><role>admin</role></permission><permission><tenantCode>?</tenantCode><code>widgetPagePermission</code><description>permission.widget.pagepermission</description><role>admin</role></permission></permissions><systemWidget>false</systemWidget><enabledMobileApp>false</enabledMobileApp></slot><slot><name>SlotLogin</name><widget>sociallogin</widget><showWidgetTitle>true</showWidgetTitle><permissions><permission><tenantCode>?</tenantCode><code>widgetPageView</code><description>permission.widget.pageview</description><role>user</role></permission><permission><tenantCode>?</tenantCode><code>widgetPageEdit</code><description>permission.widget.pageedit</description><role>admin</role></permission><permission><tenantCode>?</tenantCode><code>widgetPagePermission</code><description>permission.widget.pagepermission</description><role>admin</role></permission></permissions><systemWidget>true</systemWidget><enabledMobileApp>false</enabledMobileApp></slot><slot><name>SlotMenuLiquid</name><widget>liquid_menu</widget><showWidgetTitle>false</showWidgetTitle><permissions><permission><tenantCode>?</tenantCode><code>widgetPageView</code><description>permission.widget.pageview</description><role>user</role></permission><permission><tenantCode>?</tenantCode><code>widgetPageEdit</code><description>permission.widget.pageedit</description><role>admin</role></permission><permission><tenantCode>?</tenantCode><code>widgetPagePermission</code><description>permission.widget.pagepermission</description><role>admin</role></permission></permissions><systemWidget>false</systemWidget><enabledMobileApp>false</enabledMobileApp></slot></slots><datas/><permissions><permission><tenantCode>?</tenantCode><code>pageView</code><description>permission.page.view</description><role>user</role></permission><permission><tenantCode>?</tenantCode><code>pageUpdate</code><description>permission.page.update</description><user>procesobpm</user></permission><permission><tenantCode>?</tenantCode><code>pageRemove</code><description>permission.page.remove</description><user>procesobpm</user></permission></permissions><disableChildLevel>true</disableChildLevel><menuGroup>false</menuGroup></page><page><code>organigrama</code><title>Intranet Organigrama</title><description>Página Organigrama del Portal Intranet</description><hidden>false</hidden><auth>1</auth><layout>raf_layoutPortal_full</layout><theme>themedefault</theme><enabledChildren>false</enabledChildren><enabledPathParam>false</enabledPathParam><enabledMobileApp>false</enabledMobileApp><parentCode>intranet</parentCode><tenantCode>?</tenantCode><editable>true</editable><displayOrder>250</displayOrder><internalPage>false</internalPage><slots><slot><name>Slot</name><widget>raf_organigrama</widget><showWidgetTitle>true</showWidgetTitle><preference><key>widgetId</key><value>rafOrganigrama1</value></preference><preference><key>rootNode</key><value>3061</value></preference><preference><key>widgetTitle</key><value>Organigrama</value></preference><preference><key>customCss</key><value>{{container}} .raf-organigrama-widgetTitle {
    font-family: \'Flama\',sans-serif; 
    font-weight: 700; 
    font-size: 1.5em; 
    margin-top: 10px;
}
{{container}} .raf-organigrama-chart {
        position: relative;
}
{{container}} .orgchart {
	background-color: transparent;
	min-width: 100%;
}
{{container}} .node{
	width: 180px;
}
{{container}} .node:hover {
	background-color: rgba(150, 150, 150, 0.25);
}
{{container}} .node.focused {
	background-color: rgba(150, 150, 150, 0.25);
}
{{container}} .node .content {
	height: auto;
	white-space: normal;
	padding: 5px;
}
{{container}} .node .content img {
	padding-bottom: 5px;
}
{{container}} .rightLine, {{container}} .leftLine,  {{container}} .topLine, {{container}} .downLine {
	border-color: #3f4041;
}
{{container}} .downLine {
	background-color: #3f4041;
}
{{container}} .orgchart .node .edge {
    color: #3f4041;
}
{{container}} .orgchart .node .edge:hover {
    color: #3f4041;
}</value></preference><preference><key>nodeTemplate</key><value>&lt;div class="content"&gt;
	&lt;img width="50" height="50" src="https://raffo.rhpro.com/rhprox2/fotos/{{legajo}}.jpg" onerror="rafOrganigramaFactory.setDefaultSrc(this)"&gt;
        {{#interno}}&lt;div class="interno"&gt;Interno: {{interno}}&lt;/div&gt;{{/interno}}
	{{#mail}}&lt;div class="mail"&gt;Mail: {{mail}}&lt;/div&gt;{{/mail}}
	{{#legajo}}&lt;div class="legajo"&gt;Legajo: {{legajo}}&lt;/div&gt;{{/legajo}}
	{{#supFuncional}}&lt;div class="supFuncional"&gt;Superior Funcional: {{supFuncional}}&lt;/div&gt;{{/supFuncional}}
&lt;/div&gt;</value></preference><permissions><permission><tenantCode>?</tenantCode><code>widgetPageView</code><description>permission.widget.pageview</description><role>user</role></permission><permission><tenantCode>?</tenantCode><code>widgetPageEdit</code><description>permission.widget.pageedit</description><role>admin</role></permission><permission><tenantCode>?</tenantCode><code>widgetPagePermission</code><description>permission.widget.pagepermission</description><role>admin</role></permission></permissions><systemWidget>false</systemWidget><enabledMobileApp>false</enabledMobileApp></slot><slot><name>SlotLogin</name><widget>sociallogin</widget><showWidgetTitle>true</showWidgetTitle><permissions><permission><tenantCode>?</tenantCode><code>widgetPageView</code><description>permission.widget.pageview</description><role>user</role></permission><permission><tenantCode>?</tenantCode><code>widgetPageEdit</code><description>permission.widget.pageedit</description><role>admin</role></permission><permission><tenantCode>?</tenantCode><code>widgetPagePermission</code><description>permission.widget.pagepermission</description><role>admin</role></permission></permissions><systemWidget>true</systemWidget><enabledMobileApp>false</enabledMobileApp></slot></slots><datas/><permissions><permission><tenantCode>?</tenantCode><code>pageView</code><description>permission.page.view</description><role>user</role></permission><permission><tenantCode>?</tenantCode><code>pageUpdate</code><description>permission.page.update</description><user>procesobpm</user></permission><permission><tenantCode>?</tenantCode><code>pageRemove</code><description>permission.page.remove</description><user>procesobpm</user></permission></permissions><disableChildLevel>true</disableChildLevel><menuGroup>false</menuGroup></page><page><code>remises</code><title>Intranet Remises</title><description>Página Remises del Portal Intranet</description><hidden>false</hidden><auth>1</auth><layout>raf_layoutPortal_full</layout><theme>themedefault</theme><enabledChildren>false</enabledChildren><enabledPathParam>false</enabledPathParam><enabledMobileApp>false</enabledMobileApp><parentCode>intranet</parentCode><tenantCode>?</tenantCode><editable>true</editable><displayOrder>242</displayOrder><internalPage>false</internalPage><slots><slot><name>Slot</name><widget>iframe</widget><showWidgetTitle>true</showWidgetTitle><preference><key>applicationTitle</key><value>Solicitud de Remises</value></preference><preference><key>url</key><value>http://www.mabmobile.com.ar/remis/</value></preference><preference><key>applicationWidth</key><value></value></preference><preference><key>applicationHeight</key><value>2000</value></preference><permissions><permission><tenantCode>?</tenantCode><code>widgetPageView</code><description>permission.widget.pageview</description><role>user</role></permission><permission><tenantCode>?</tenantCode><code>widgetPageEdit</code><description>permission.widget.pageedit</description><role>admin</role></permission><permission><tenantCode>?</tenantCode><code>widgetPagePermission</code><description>permission.widget.pagepermission</description><role>admin</role></permission></permissions><systemWidget>false</systemWidget><enabledMobileApp>false</enabledMobileApp></slot><slot><name>SlotLogin</name><widget>sociallogin</widget><showWidgetTitle>true</showWidgetTitle><permissions><permission><tenantCode>?</tenantCode><code>widgetPageView</code><description>permission.widget.pageview</description><role>user</role></permission><permission><tenantCode>?</tenantCode><code>widgetPageEdit</code><description>permission.widget.pageedit</description><role>admin</role></permission><permission><tenantCode>?</tenantCode><code>widgetPagePermission</code><description>permission.widget.pagepermission</description><role>admin</role></permission></permissions><systemWidget>true</systemWidget><enabledMobileApp>false</enabledMobileApp></slot></slots><datas/><permissions><permission><tenantCode>?</tenantCode><code>pageView</code><description>permission.page.view</description><user>procesobpm</user></permission><permission><tenantCode>?</tenantCode><code>pageUpdate</code><description>permission.page.update</description><user>procesobpm</user></permission></permissions><disableChildLevel>true</disableChildLevel><menuGroup>false</menuGroup></page><page><code>include</code><title>Intranet Include</title><description>Página Include del Portal Intranet</description><hidden>false</hidden><auth>1</auth><layout>raf_layoutPortal_full</layout><theme>themedefault</theme><enabledChildren>false</enabledChildren><enabledPathParam>false</enabledPathParam><enabledMobileApp>false</enabledMobileApp><parentCode>intranet</parentCode><tenantCode>?</tenantCode><editable>true</editable><displayOrder>237</displayOrder><internalPage>false</internalPage><slots><slot><name>Slot</name><widget>raf_include</widget><showWidgetTitle>true</showWidgetTitle><preference><key>widgetId</key><value>rafInclude1</value></preference><preference><key>customCss</key><value>{{container}} .raf-include-iframe {
    width: 100%;
    margin: auto;
}
{{container}} .includeTitle {    
    margin-left: 8px;
    font-family: 'Flama',sans-serif;
    font-weight: 700;
    font-size: 1.5em;
    margin-top: 10px;
}</value></preference><permissions><permission><tenantCode>?</tenantCode><code>widgetPageView</code><description>permission.widget.pageview</description><role>user</role></permission><permission><tenantCode>?</tenantCode><code>widgetPageEdit</code><description>permission.widget.pageedit</description><role>admin</role></permission><permission><tenantCode>?</tenantCode><code>widgetPagePermission</code><description>permission.widget.pagepermission</description><role>admin</role></permission></permissions><systemWidget>false</systemWidget><enabledMobileApp>false</enabledMobileApp></slot><slot><name>SlotHeaderLiquid</name><widget>liquid_header</widget><showWidgetTitle>false</showWidgetTitle><permissions><permission><tenantCode>?</tenantCode><code>widgetPageView</code><description>permission.widget.pageview</description><role>user</role></permission><permission><tenantCode>?</tenantCode><code>widgetPageEdit</code><description>permission.widget.pageedit</description><role>admin</role></permission><permission><tenantCode>?</tenantCode><code>widgetPagePermission</code><description>permission.widget.pagepermission</description><role>admin</role></permission></permissions><systemWidget>false</systemWidget><enabledMobileApp>false</enabledMobileApp></slot><slot><name>SlotLogin</name><widget>sociallogin</widget><showWidgetTitle>true</showWidgetTitle><permissions><permission><tenantCode>?</tenantCode><code>widgetPageView</code><description>permission.widget.pageview</description><role>user</role></permission><permission><tenantCode>?</tenantCode><code>widgetPageEdit</code><description>permission.widget.pageedit</description><role>admin</role></permission><permission><tenantCode>?</tenantCode><code>widgetPagePermission</code><description>permission.widget.pagepermission</description><role>admin</role></permission></permissions><systemWidget>true</systemWidget><enabledMobileApp>false</enabledMobileApp></slot><slot><name>SlotMenuLiquid</name><widget>liquid_menu</widget><showWidgetTitle>false</showWidgetTitle><permissions><permission><tenantCode>?</tenantCode><code>widgetPageView</code><description>permission.widget.pageview</description><role>user</role></permission><permission><tenantCode>?</tenantCode><code>widgetPageEdit</code><description>permission.widget.pageedit</description><role>admin</role></permission><permission><tenantCode>?</tenantCode><code>widgetPagePermission</code><description>permission.widget.pagepermission</description><role>admin</role></permission></permissions><systemWidget>false</systemWidget><enabledMobileApp>false</enabledMobileApp></slot></slots><datas/><permissions><permission><tenantCode>?</tenantCode><code>pageView</code><description>permission.page.view</description><role>user</role></permission><permission><tenantCode>?</tenantCode><code>pageUpdate</code><description>permission.page.update</description><user>procesobpm</user></permission><permission><tenantCode>?</tenantCode><code>pageRemove</code><description>permission.page.remove</description><user>procesobpm</user></permission><permission><tenantCode>?</tenantCode><code>pageView</code><description>permission.page.view</description><role>ADM-PORTAL</role></permission><permission><tenantCode>?</tenantCode><code>pageView</code><description>permission.page.view</description><user>usuba</user></permission><permission><tenantCode>?</tenantCode><code>pageView</code><description>permission.page.view</description><user>ususj</user></permission><permission><tenantCode>?</tenantCode><code>pageView</code><description>permission.page.view</description><user>procesobpm</user></permission><permission><tenantCode>?</tenantCode><code>pageUpdate</code><description>permission.page.update</description><role>ADM-PORTAL</role></permission><permission><tenantCode>?</tenantCode><code>pageView</code><description>permission.page.view</description><group>ADM-PORTAL</group></permission></permissions><disableChildLevel>true</disableChildLevel><menuGroup>false</menuGroup></page></pages><disableChildLevel>false</disableChildLevel><menuGroup>false</menuGroup></page></pages>