<?xml version="1.0" encoding="UTF-8"?> 
<java version="1.6.0_26" class="java.beans.XMLDecoder"> 
 <object class="java.util.ArrayList"> 
  <void method="add"> 
   <object class="com.datasul.technology.webdesk.workflow.model.ProcessDefinition"> 
    <void property="active"> 
     <boolean>true</boolean> 
    </void> 
    <void property="baseDay"> 
     <int>0</int> 
    </void> 
    <void property="baseMonth"> 
     <int>0</int> 
    </void> 
    <void property="categoryId"> 
     <string>Seguimiento de Documentación</string> 
    </void> 
    <void property="instruction"> 
     <string></string> 
    </void> 
    <void property="managerEngineAllocationConfiguration"> 
     <string>&lt;AssignmentController&gt;&lt;User&gt;procesobpm&lt;/User&gt;&lt;/AssignmentController&gt;</string> 
    </void> 
    <void property="managerEngineAllocationId"> 
     <string>Usuário</string> 
    </void> 
    <void property="periodId"> 
     <string>Default</string> 
    </void> 
    <void property="processDefinitionPK"> 
     <object class="com.datasul.technology.webdesk.workflow.model.ProcessDefinitionPK"> 
      <void property="companyId"> 
       <int>1</int> 
      </void> 
      <void property="processId"> 
       <string>RAF02</string> 
      </void> 
     </object> 
    </void> 
    <void property="processDescription"> 
     <string>RAF-Seguimiento de Documentación</string> 
    </void> 
    <void property="publicProcess"> 
     <boolean>false</boolean> 
    </void> 
    <void property="snapshotFrequency"> 
     <int>0</int> 
    </void> 
    <void property="volumeId"> 
     <string>Default</string> 
    </void> 
   </object> 
  </void> 
  <void method="add"> 
   <object class="com.datasul.technology.webdesk.workflow.model.ProcessDefinitionVersion"> 
    <void property="active"> 
     <boolean>true</boolean> 
    </void> 
    <void property="editionMode"> 
     <boolean>false</boolean> 
    </void> 
    <void property="formId"> 
     <int>496</int> 
    </void> 
    <void property="processDefinitionVersionPK"> 
     <object class="com.datasul.technology.webdesk.workflow.model.ProcessDefinitionVersionPK"> 
      <void property="companyId"> 
       <int>1</int> 
      </void> 
      <void property="processId"> 
       <string>RAF02</string> 
      </void> 
      <void property="version"> 
       <int>28</int> 
      </void> 
     </object> 
    </void> 
    <void property="updateAttachmentsVersion"> 
     <boolean>true</boolean> 
    </void> 
    <void property="versionDescription"> 
     <string>Nova Versão.</string> 
    </void> 
   </object> 
  </void> 
  <void method="add"> 
   <object class="java.util.ArrayList"> 
    <void method="add"> 
     <object class="com.datasul.technology.webdesk.workflow.model.ProcessState"> 
      <void property="allowanceAuthorityTime"> 
       <int>3600</int> 
      </void> 
      <void property="engineAllocationConfiguration"> 
       <string></string> 
      </void> 
      <void property="engineAllocationId"> 
       <string>raf-sd-usuarios-tipologia</string> 
      </void> 
      <void id="Integer0" property="allowanceAuthorityhours"/> 
      <void property="frequenceAuthorityHours"> 
       <object idref="Integer0"/> 
      </void> 
      <void property="inhibitTransfer"> 
       <boolean>false</boolean> 
      </void> 
      <void property="initialState"> 
       <boolean>true</boolean> 
      </void> 
      <void property="instruction"> 
       <string>1) Completar el formulario.
2) Adjuntar el documento.
3) Escribir las observaciones en caso de ser necesario.</string> 
      </void> 
      <void property="joint"> 
       <boolean>false</boolean> 
      </void> 
      <void property="notifyAuthorityDelay"> 
       <boolean>true</boolean> 
      </void> 
      <void property="notifyAuthorityFollowUp"> 
       <boolean>true</boolean> 
      </void> 
      <void property="notifyManagerDelay"> 
       <boolean>false</boolean> 
      </void> 
      <void property="notifyManagerFollowUp"> 
       <boolean>false</boolean> 
      </void> 
      <void property="notifyPoolFollowUp"> 
       <boolean>false</boolean> 
      </void> 
      <void property="notifyRequisitionerDelay"> 
       <boolean>false</boolean> 
      </void> 
      <void property="notifyRequisitionerFollowUp"> 
       <boolean>false</boolean> 
      </void> 
      <void property="periodId"> 
       <string></string> 
      </void> 
      <void property="positionX"> 
       <int>52</int> 
      </void> 
      <void property="positionY"> 
       <int>51</int> 
      </void> 
      <void property="processStatePK"> 
       <object class="com.datasul.technology.webdesk.workflow.model.ProcessStatePK"> 
        <void property="companyId"> 
         <int>1</int> 
        </void> 
        <void property="processId"> 
         <string>RAF02</string> 
        </void> 
        <void property="sequence"> 
         <int>1</int> 
        </void> 
        <void property="version"> 
         <int>28</int> 
        </void> 
       </object> 
      </void> 
      <void property="selectColleague"> 
       <int>1</int> 
      </void> 
      <void property="stateDescription"> 
       <string>Inicio</string> 
      </void> 
      <void property="stateName"> 
       <string>Inicio</string> 
      </void> 
      <void property="subProcessId"> 
       <string></string> 
      </void> 
      <void property="transferAttachments"> 
       <boolean>false</boolean> 
      </void> 
     </object> 
    </void> 
    <void method="add"> 
     <object class="com.datasul.technology.webdesk.workflow.model.ProcessState"> 
      <void property="allowanceAuthorityTime"> 
       <int>3600</int> 
      </void> 
      <void property="engineAllocationConfiguration"> 
       <string>&lt;AssociatedController ConditionAssociated=&apos;OR&apos;&gt;&lt;ControlXML TypeAssociated=&apos;Campo Formulário&apos;&gt;&lt;AssignmentController&gt;&lt;FormField&gt;pool&lt;/FormField&gt;&lt;/AssignmentController&gt;&lt;/ControlXML&gt;&lt;ControlXML TypeAssociated=&apos;Campo Formulário&apos;&gt;&lt;AssignmentController&gt;&lt;FormField&gt;usuarios&lt;/FormField&gt;&lt;/AssignmentController&gt;&lt;/ControlXML&gt;&lt;/AssociatedController&gt;</string> 
      </void> 
      <void property="engineAllocationId"> 
       <string>Associado</string> 
      </void> 
      <void property="frequenceAuthorityHours"> 
       <object idref="Integer0"/> 
      </void> 
      <void property="inhibitTransfer"> 
       <boolean>false</boolean> 
      </void> 
      <void property="initialState"> 
       <boolean>false</boolean> 
      </void> 
      <void property="instruction"> 
       <string></string> 
      </void> 
      <void property="joint"> 
       <boolean>false</boolean> 
      </void> 
      <void property="notifyAuthorityDelay"> 
       <boolean>true</boolean> 
      </void> 
      <void property="notifyAuthorityFollowUp"> 
       <boolean>true</boolean> 
      </void> 
      <void property="notifyManagerDelay"> 
       <boolean>false</boolean> 
      </void> 
      <void property="notifyManagerFollowUp"> 
       <boolean>false</boolean> 
      </void> 
      <void property="notifyPoolFollowUp"> 
       <boolean>false</boolean> 
      </void> 
      <void property="notifyRequisitionerDelay"> 
       <boolean>false</boolean> 
      </void> 
      <void property="notifyRequisitionerFollowUp"> 
       <boolean>false</boolean> 
      </void> 
      <void property="periodId"> 
       <string></string> 
      </void> 
      <void property="positionX"> 
       <int>433</int> 
      </void> 
      <void property="positionY"> 
       <int>158</int> 
      </void> 
      <void property="processStatePK"> 
       <object class="com.datasul.technology.webdesk.workflow.model.ProcessStatePK"> 
        <void property="companyId"> 
         <int>1</int> 
        </void> 
        <void property="processId"> 
         <string>RAF02</string> 
        </void> 
        <void property="sequence"> 
         <int>2</int> 
        </void> 
        <void property="version"> 
         <int>28</int> 
        </void> 
       </object> 
      </void> 
      <void property="selectColleague"> 
       <int>1</int> 
      </void> 
      <void property="stateDescription"> 
       <string>Actualizar Documentación</string> 
      </void> 
      <void property="stateName"> 
       <string>Actualizar Documentación</string> 
      </void> 
      <void property="subProcessId"> 
       <string></string> 
      </void> 
      <void property="transferAttachments"> 
       <boolean>false</boolean> 
      </void> 
     </object> 
    </void> 
    <void method="add"> 
     <object class="com.datasul.technology.webdesk.workflow.model.ProcessState"> 
      <void property="allowanceAuthorityTime"> 
       <int>3600</int> 
      </void> 
      <void property="engineAllocationConfiguration"> 
       <string>&lt;AssignmentController&gt;&lt;BaseActivity&gt;1&lt;/BaseActivity&gt;&lt;Returns&gt;Last&lt;/Returns&gt;&lt;/AssignmentController&gt;</string> 
      </void> 
      <void property="engineAllocationId"> 
       <string>Executor Atividade</string> 
      </void> 
      <void property="frequenceAuthorityHours"> 
       <object idref="Integer0"/> 
      </void> 
      <void property="inhibitTransfer"> 
       <boolean>true</boolean> 
      </void> 
      <void property="initialState"> 
       <boolean>false</boolean> 
      </void> 
      <void property="instruction"> 
       <string></string> 
      </void> 
      <void property="joint"> 
       <boolean>false</boolean> 
      </void> 
      <void property="notifyAuthorityDelay"> 
       <boolean>true</boolean> 
      </void> 
      <void property="notifyAuthorityFollowUp"> 
       <boolean>true</boolean> 
      </void> 
      <void property="notifyManagerDelay"> 
       <boolean>false</boolean> 
      </void> 
      <void property="notifyManagerFollowUp"> 
       <boolean>false</boolean> 
      </void> 
      <void property="notifyPoolFollowUp"> 
       <boolean>false</boolean> 
      </void> 
      <void property="notifyRequisitionerDelay"> 
       <boolean>false</boolean> 
      </void> 
      <void property="notifyRequisitionerFollowUp"> 
       <boolean>false</boolean> 
      </void> 
      <void property="periodId"> 
       <string></string> 
      </void> 
      <void property="positionX"> 
       <int>438</int> 
      </void> 
      <void property="positionY"> 
       <int>33</int> 
      </void> 
      <void property="processStatePK"> 
       <object class="com.datasul.technology.webdesk.workflow.model.ProcessStatePK"> 
        <void property="companyId"> 
         <int>1</int> 
        </void> 
        <void property="processId"> 
         <string>RAF02</string> 
        </void> 
        <void property="sequence"> 
         <int>3</int> 
        </void> 
        <void property="version"> 
         <int>28</int> 
        </void> 
       </object> 
      </void> 
      <void property="selectColleague"> 
       <int>1</int> 
      </void> 
      <void property="stateDescription"> 
       <string>Revisar Documentación</string> 
      </void> 
      <void property="stateName"> 
       <string>Revisar Documentación</string> 
      </void> 
      <void property="subProcessId"> 
       <string></string> 
      </void> 
      <void property="transferAttachments"> 
       <boolean>false</boolean> 
      </void> 
     </object> 
    </void> 
    <void method="add"> 
     <object class="com.datasul.technology.webdesk.workflow.model.ProcessState"> 
      <void property="allowanceAuthorityTime"> 
       <int>3600</int> 
      </void> 
      <void property="engineAllocationConfiguration"> 
       <string></string> 
      </void> 
      <void property="engineAllocationId"> 
       <string></string> 
      </void> 
      <void property="frequenceAuthorityHours"> 
       <object idref="Integer0"/> 
      </void> 
      <void property="inhibitTransfer"> 
       <boolean>false</boolean> 
      </void> 
      <void property="initialState"> 
       <boolean>false</boolean> 
      </void> 
      <void property="instruction"> 
       <string></string> 
      </void> 
      <void property="joint"> 
       <boolean>false</boolean> 
      </void> 
      <void property="notifyAuthorityDelay"> 
       <boolean>true</boolean> 
      </void> 
      <void property="notifyAuthorityFollowUp"> 
       <boolean>true</boolean> 
      </void> 
      <void property="notifyManagerDelay"> 
       <boolean>false</boolean> 
      </void> 
      <void property="notifyManagerFollowUp"> 
       <boolean>false</boolean> 
      </void> 
      <void property="notifyRequisitionerDelay"> 
       <boolean>false</boolean> 
      </void> 
      <void property="notifyRequisitionerFollowUp"> 
       <boolean>false</boolean> 
      </void> 
      <void property="periodId"> 
       <string></string> 
      </void> 
      <void property="positionX"> 
       <int>891</int> 
      </void> 
      <void property="positionY"> 
       <int>193</int> 
      </void> 
      <void property="processStatePK"> 
       <object class="com.datasul.technology.webdesk.workflow.model.ProcessStatePK"> 
        <void property="companyId"> 
         <int>1</int> 
        </void> 
        <void property="processId"> 
         <string>RAF02</string> 
        </void> 
        <void property="sequence"> 
         <int>4</int> 
        </void> 
        <void property="version"> 
         <int>28</int> 
        </void> 
       </object> 
      </void> 
      <void property="stateDescription"> 
       <string>Fin</string> 
      </void> 
      <void property="stateName"> 
       <string>Fin</string> 
      </void> 
      <void property="subProcessId"> 
       <string></string> 
      </void> 
      <void property="transferAttachments"> 
       <boolean>false</boolean> 
      </void> 
     </object> 
    </void> 
    <void method="add"> 
     <object class="com.datasul.technology.webdesk.workflow.model.ProcessState"> 
      <void property="allowanceAuthorityTime"> 
       <int>3600</int> 
      </void> 
      <void property="deadlineHours"> 
       <int>999</int> 
      </void> 
      <void property="deadlineTime"> 
       <int>3599940</int> 
      </void> 
      <void property="engineAllocationConfiguration"> 
       <string>&lt;AssociatedController ConditionAssociated=&apos;OR&apos;&gt;&lt;ControlXML TypeAssociated=&apos;Campo Formulário&apos;&gt;&lt;AssignmentController&gt;&lt;FormField&gt;pool&lt;/FormField&gt;&lt;/AssignmentController&gt;&lt;/ControlXML&gt;&lt;ControlXML TypeAssociated=&apos;Campo Formulário&apos;&gt;&lt;AssignmentController&gt;&lt;FormField&gt;usuarios&lt;/FormField&gt;&lt;/AssignmentController&gt;&lt;/ControlXML&gt;&lt;/AssociatedController&gt;</string> 
      </void> 
      <void property="engineAllocationId"> 
       <string>Associado</string> 
      </void> 
      <void property="frequenceAuthorityHours"> 
       <object idref="Integer0"/> 
      </void> 
      <void property="inhibitTransfer"> 
       <boolean>false</boolean> 
      </void> 
      <void property="initialState"> 
       <boolean>false</boolean> 
      </void> 
      <void property="instruction"> 
       <string></string> 
      </void> 
      <void property="joint"> 
       <boolean>false</boolean> 
      </void> 
      <void property="notifyAuthorityDelay"> 
       <boolean>true</boolean> 
      </void> 
      <void property="notifyAuthorityFollowUp"> 
       <boolean>true</boolean> 
      </void> 
      <void property="notifyManagerDelay"> 
       <boolean>false</boolean> 
      </void> 
      <void property="notifyManagerFollowUp"> 
       <boolean>false</boolean> 
      </void> 
      <void property="notifyPoolFollowUp"> 
       <boolean>false</boolean> 
      </void> 
      <void property="notifyRequisitionerDelay"> 
       <boolean>false</boolean> 
      </void> 
      <void property="notifyRequisitionerFollowUp"> 
       <boolean>false</boolean> 
      </void> 
      <void property="periodId"> 
       <string></string> 
      </void> 
      <void property="positionX"> 
       <int>522</int> 
      </void> 
      <void property="positionY"> 
       <int>240</int> 
      </void> 
      <void property="processStatePK"> 
       <object class="com.datasul.technology.webdesk.workflow.model.ProcessStatePK"> 
        <void property="companyId"> 
         <int>1</int> 
        </void> 
        <void property="processId"> 
         <string>RAF02</string> 
        </void> 
        <void property="sequence"> 
         <int>5</int> 
        </void> 
        <void property="version"> 
         <int>28</int> 
        </void> 
       </object> 
      </void> 
      <void property="selectColleague"> 
       <int>1</int> 
      </void> 
      <void property="stateDescription"> 
       <string>Confirmación de Lectura</string> 
      </void> 
      <void property="stateName"> 
       <string>Confirmación de Lectura</string> 
      </void> 
      <void property="subProcessId"> 
       <string></string> 
      </void> 
      <void property="transferAttachments"> 
       <boolean>false</boolean> 
      </void> 
     </object> 
    </void> 
    <void method="add"> 
     <object class="com.datasul.technology.webdesk.workflow.model.ProcessState"> 
      <void property="automatic"> 
       <boolean>true</boolean> 
      </void> 
      <void property="engineAllocationConfiguration"> 
       <string></string> 
      </void> 
      <void property="engineAllocationId"> 
       <string></string> 
      </void> 
      <void property="inhibitTransfer"> 
       <boolean>false</boolean> 
      </void> 
      <void property="initialState"> 
       <boolean>false</boolean> 
      </void> 
      <void property="instruction"> 
       <string></string> 
      </void> 
      <void property="joint"> 
       <boolean>false</boolean> 
      </void> 
      <void property="notifyAuthorityDelay"> 
       <boolean>false</boolean> 
      </void> 
      <void property="notifyAuthorityFollowUp"> 
       <boolean>false</boolean> 
      </void> 
      <void property="notifyManagerDelay"> 
       <boolean>false</boolean> 
      </void> 
      <void property="notifyManagerFollowUp"> 
       <boolean>false</boolean> 
      </void> 
      <void property="notifyPoolFollowUp"> 
       <boolean>false</boolean> 
      </void> 
      <void property="notifyRequisitionerDelay"> 
       <boolean>false</boolean> 
      </void> 
      <void property="notifyRequisitionerFollowUp"> 
       <boolean>false</boolean> 
      </void> 
      <void property="periodId"> 
       <string></string> 
      </void> 
      <void property="positionX"> 
       <int>178</int> 
      </void> 
      <void property="positionY"> 
       <int>140</int> 
      </void> 
      <void property="processStatePK"> 
       <object class="com.datasul.technology.webdesk.workflow.model.ProcessStatePK"> 
        <void property="companyId"> 
         <int>1</int> 
        </void> 
        <void property="processId"> 
         <string>RAF02</string> 
        </void> 
        <void property="sequence"> 
         <int>6</int> 
        </void> 
        <void property="version"> 
         <int>28</int> 
        </void> 
       </object> 
      </void> 
      <void property="stateDescription"> 
       <string>Sólo Requiere Confirmación de Lectura?</string> 
      </void> 
      <void property="stateName"> 
       <string>Sólo Requiere Confirmación de Lectura?</string> 
      </void> 
      <void property="subProcessId"> 
       <string></string> 
      </void> 
      <void property="transferAttachments"> 
       <boolean>false</boolean> 
      </void> 
     </object> 
    </void> 
   </object> 
  </void> 
  <void method="add"> 
   <object class="java.util.ArrayList"> 
    <void method="add"> 
     <object class="com.datasul.technology.webdesk.workflow.model.ConditionProcessState"> 
      <void property="condition"> 
       <string>hAPI.getCardValue(&quot;soloConfirmacionLectura&quot;) == &apos;true&apos;</string> 
      </void> 
      <void property="conditionProcessStatePK"> 
       <object class="com.datasul.technology.webdesk.workflow.model.ConditionProcessStatePK"> 
        <void property="companyId"> 
         <int>1</int> 
        </void> 
        <void property="expressionOrder"> 
         <int>1</int> 
        </void> 
        <void property="processId"> 
         <string>RAF02</string> 
        </void> 
        <void property="sequence"> 
         <int>6</int> 
        </void> 
        <void property="version"> 
         <int>28</int> 
        </void> 
       </object> 
      </void> 
      <void property="destinationSequenceId"> 
       <int>5</int> 
      </void> 
      <void property="engineAllocationConfiguration"> 
       <string>&lt;AssignmentController&gt;&lt;FormField&gt;pool&lt;/FormField&gt;&lt;/AssignmentController&gt;</string> 
      </void> 
      <void property="engineAllocationId"> 
       <string>Campo Formulário</string> 
      </void> 
     </object> 
    </void> 
    <void method="add"> 
     <object class="com.datasul.technology.webdesk.workflow.model.ConditionProcessState"> 
      <void property="condition"> 
       <string>true</string> 
      </void> 
      <void property="conditionProcessStatePK"> 
       <object class="com.datasul.technology.webdesk.workflow.model.ConditionProcessStatePK"> 
        <void property="companyId"> 
         <int>1</int> 
        </void> 
        <void property="expressionOrder"> 
         <int>2</int> 
        </void> 
        <void property="processId"> 
         <string>RAF02</string> 
        </void> 
        <void property="sequence"> 
         <int>6</int> 
        </void> 
        <void property="version"> 
         <int>28</int> 
        </void> 
       </object> 
      </void> 
      <void property="destinationSequenceId"> 
       <int>2</int> 
      </void> 
      <void property="engineAllocationConfiguration"> 
       <string>&lt;AssignmentController&gt;&lt;FormField&gt;pool&lt;/FormField&gt;&lt;/AssignmentController&gt;</string> 
      </void> 
      <void property="engineAllocationId"> 
       <string>Campo Formulário</string> 
      </void> 
     </object> 
    </void> 
   </object> 
  </void> 
  <void method="add"> 
   <object class="java.util.ArrayList"> 
    <void method="add"> 
     <object class="com.datasul.technology.webdesk.workflow.model.ProcessLink"> 
      <void property="actionLabel"> 
       <string> </string> 
      </void> 
      <void property="finalStateSequence"> 
       <int>3</int> 
      </void> 
      <void property="initialStateSequence"> 
       <int>2</int> 
      </void> 
      <void property="processLinkPK"> 
       <object class="com.datasul.technology.webdesk.workflow.model.ProcessLinkPK"> 
        <void property="companyId"> 
         <int>1</int> 
        </void> 
        <void property="linkSequence"> 
         <int>2</int> 
        </void> 
        <void property="processId"> 
         <string>RAF02</string> 
        </void> 
        <void property="version"> 
         <int>28</int> 
        </void> 
       </object> 
      </void> 
      <void property="returnLabel"> 
       <string> </string> 
      </void> 
      <void property="returnPermited"> 
       <boolean>true</boolean> 
      </void> 
     </object> 
    </void> 
    <void method="add"> 
     <object class="com.datasul.technology.webdesk.workflow.model.ProcessLink"> 
      <void property="actionLabel"> 
       <string> </string> 
      </void> 
      <void property="finalStateSequence"> 
       <int>4</int> 
      </void> 
      <void property="initialStateSequence"> 
       <int>2</int> 
      </void> 
      <void property="processLinkPK"> 
       <object class="com.datasul.technology.webdesk.workflow.model.ProcessLinkPK"> 
        <void property="companyId"> 
         <int>1</int> 
        </void> 
        <void property="linkSequence"> 
         <int>3</int> 
        </void> 
        <void property="processId"> 
         <string>RAF02</string> 
        </void> 
        <void property="version"> 
         <int>28</int> 
        </void> 
       </object> 
      </void> 
      <void property="returnLabel"> 
       <string> </string> 
      </void> 
      <void property="returnPermited"> 
       <boolean>false</boolean> 
      </void> 
     </object> 
    </void> 
    <void method="add"> 
     <object class="com.datasul.technology.webdesk.workflow.model.ProcessLink"> 
      <void property="actionLabel"> 
       <string> </string> 
      </void> 
      <void property="finalStateSequence"> 
       <int>4</int> 
      </void> 
      <void property="initialStateSequence"> 
       <int>3</int> 
      </void> 
      <void property="processLinkPK"> 
       <object class="com.datasul.technology.webdesk.workflow.model.ProcessLinkPK"> 
        <void property="companyId"> 
         <int>1</int> 
        </void> 
        <void property="linkSequence"> 
         <int>4</int> 
        </void> 
        <void property="processId"> 
         <string>RAF02</string> 
        </void> 
        <void property="version"> 
         <int>28</int> 
        </void> 
       </object> 
      </void> 
      <void property="returnLabel"> 
       <string> </string> 
      </void> 
      <void property="returnPermited"> 
       <boolean>false</boolean> 
      </void> 
     </object> 
    </void> 
    <void method="add"> 
     <object class="com.datasul.technology.webdesk.workflow.model.ProcessLink"> 
      <void property="actionLabel"> 
       <string> </string> 
      </void> 
      <void property="finalStateSequence"> 
       <int>2</int> 
      </void> 
      <void property="initialStateSequence"> 
       <int>6</int> 
      </void> 
      <void property="processLinkPK"> 
       <object class="com.datasul.technology.webdesk.workflow.model.ProcessLinkPK"> 
        <void property="companyId"> 
         <int>1</int> 
        </void> 
        <void property="linkSequence"> 
         <int>6</int> 
        </void> 
        <void property="processId"> 
         <string>RAF02</string> 
        </void> 
        <void property="version"> 
         <int>28</int> 
        </void> 
       </object> 
      </void> 
      <void property="returnLabel"> 
       <string> </string> 
      </void> 
      <void property="returnPermited"> 
       <boolean>false</boolean> 
      </void> 
     </object> 
    </void> 
    <void method="add"> 
     <object class="com.datasul.technology.webdesk.workflow.model.ProcessLink"> 
      <void property="actionLabel"> 
       <string> </string> 
      </void> 
      <void property="finalStateSequence"> 
       <int>5</int> 
      </void> 
      <void property="initialStateSequence"> 
       <int>6</int> 
      </void> 
      <void property="processLinkPK"> 
       <object class="com.datasul.technology.webdesk.workflow.model.ProcessLinkPK"> 
        <void property="companyId"> 
         <int>1</int> 
        </void> 
        <void property="linkSequence"> 
         <int>7</int> 
        </void> 
        <void property="processId"> 
         <string>RAF02</string> 
        </void> 
        <void property="version"> 
         <int>28</int> 
        </void> 
       </object> 
      </void> 
      <void property="returnLabel"> 
       <string> </string> 
      </void> 
      <void property="returnPermited"> 
       <boolean>false</boolean> 
      </void> 
     </object> 
    </void> 
    <void method="add"> 
     <object class="com.datasul.technology.webdesk.workflow.model.ProcessLink"> 
      <void property="actionLabel"> 
       <string> </string> 
      </void> 
      <void property="automaticLink"> 
       <boolean>true</boolean> 
      </void> 
      <void property="finalStateSequence"> 
       <int>4</int> 
      </void> 
      <void property="initialStateSequence"> 
       <int>5</int> 
      </void> 
      <void property="processLinkPK"> 
       <object class="com.datasul.technology.webdesk.workflow.model.ProcessLinkPK"> 
        <void property="companyId"> 
         <int>1</int> 
        </void> 
        <void property="linkSequence"> 
         <int>8</int> 
        </void> 
        <void property="processId"> 
         <string>RAF02</string> 
        </void> 
        <void property="version"> 
         <int>28</int> 
        </void> 
       </object> 
      </void> 
      <void property="returnLabel"> 
       <string> </string> 
      </void> 
      <void property="returnPermited"> 
       <boolean>false</boolean> 
      </void> 
     </object> 
    </void> 
    <void method="add"> 
     <object class="com.datasul.technology.webdesk.workflow.model.ProcessLink"> 
      <void property="actionLabel"> 
       <string> </string> 
      </void> 
      <void property="finalStateSequence"> 
       <int>4</int> 
      </void> 
      <void property="initialStateSequence"> 
       <int>5</int> 
      </void> 
      <void property="processLinkPK"> 
       <object class="com.datasul.technology.webdesk.workflow.model.ProcessLinkPK"> 
        <void property="companyId"> 
         <int>1</int> 
        </void> 
        <void property="linkSequence"> 
         <int>9</int> 
        </void> 
        <void property="processId"> 
         <string>RAF02</string> 
        </void> 
        <void property="version"> 
         <int>28</int> 
        </void> 
       </object> 
      </void> 
      <void property="returnLabel"> 
       <string> </string> 
      </void> 
      <void property="returnPermited"> 
       <boolean>false</boolean> 
      </void> 
     </object> 
    </void> 
    <void method="add"> 
     <object class="com.datasul.technology.webdesk.workflow.model.ProcessLink"> 
      <void property="actionLabel"> 
       <string> </string> 
      </void> 
      <void property="finalStateSequence"> 
       <int>3</int> 
      </void> 
      <void property="initialStateSequence"> 
       <int>5</int> 
      </void> 
      <void property="processLinkPK"> 
       <object class="com.datasul.technology.webdesk.workflow.model.ProcessLinkPK"> 
        <void property="companyId"> 
         <int>1</int> 
        </void> 
        <void property="linkSequence"> 
         <int>10</int> 
        </void> 
        <void property="processId"> 
         <string>RAF02</string> 
        </void> 
        <void property="version"> 
         <int>28</int> 
        </void> 
       </object> 
      </void> 
      <void property="returnLabel"> 
       <string> </string> 
      </void> 
      <void property="returnPermited"> 
       <boolean>true</boolean> 
      </void> 
     </object> 
    </void> 
    <void method="add"> 
     <object class="com.datasul.technology.webdesk.workflow.model.ProcessLink"> 
      <void property="actionLabel"> 
       <string> </string> 
      </void> 
      <void property="finalStateSequence"> 
       <int>6</int> 
      </void> 
      <void property="initialStateSequence"> 
       <int>1</int> 
      </void> 
      <void property="processLinkPK"> 
       <object class="com.datasul.technology.webdesk.workflow.model.ProcessLinkPK"> 
        <void property="companyId"> 
         <int>1</int> 
        </void> 
        <void property="linkSequence"> 
         <int>11</int> 
        </void> 
        <void property="processId"> 
         <string>RAF02</string> 
        </void> 
        <void property="version"> 
         <int>28</int> 
        </void> 
       </object> 
      </void> 
      <void property="returnLabel"> 
       <string> </string> 
      </void> 
      <void property="returnPermited"> 
       <boolean>false</boolean> 
      </void> 
     </object> 
    </void> 
   </object> 
  </void> 
  <void method="add"> 
   <object class="java.util.ArrayList"/> 
  </void> 
  <void method="add"> 
   <object class="java.util.ArrayList"> 
    <void method="add"> 
     <object class="com.datasul.technology.webdesk.workflow.model.WorkflowProcessEvent"> 
      <void property="eventDescription"> 
       <string>function afterProcessCreate(processId){&#13;	hAPI.setCardValue(&quot;nroSolicitud&quot;, processId);&#13;}</string> 
      </void> 
      <void property="workflowProcessEventPK"> 
       <object class="com.datasul.technology.webdesk.workflow.model.WorkflowProcessEventPK"> 
        <void property="companyId"> 
         <int>1</int> 
        </void> 
        <void property="eventId"> 
         <string>afterProcessCreate</string> 
        </void> 
        <void property="processId"> 
         <string>RAF02</string> 
        </void> 
        <void property="version"> 
         <int>28</int> 
        </void> 
       </object> 
      </void> 
     </object> 
    </void> 
    <void method="add"> 
     <object class="com.datasul.technology.webdesk.workflow.model.WorkflowProcessEvent"> 
      <void property="eventDescription"> 
       <string>function afterTaskCreate(colleagueId){&#13;&#13;	var tareaActual = getValue(&quot;WKNumState&quot;);&#13;	var proximaTarea = getValue(&quot;WKNextState&quot;);&#13;	var completo = getValue(&quot;WKCompletTask&quot;);&#13;	var comentarios = getValue(&quot;WKUserComment&quot;);&#13;	var nroProceso = getValue(&quot;WKNumProces&quot;);	&#13;  &#13; var soloConfirmacionLectura = hAPI.getCardValue(&quot;soloConfirmacionLectura&quot;);  &#13;	&#13;	// Si la proxima tarea es Actualizar Documentacion y solo requiere confirmacion de lectura &#13;	if ((tareaActual == 6 || tareaActual == 3) &amp;&amp; proximaTarea == 5 &amp;&amp; soloConfirmacionLectura == &apos;true&apos;) {&#13;		setPlazoAvanceAutomatico(colleagueId);&#13;	}&#13;	&#13;}&#13;</string> 
      </void> 
      <void property="workflowProcessEventPK"> 
       <object class="com.datasul.technology.webdesk.workflow.model.WorkflowProcessEventPK"> 
        <void property="companyId"> 
         <int>1</int> 
        </void> 
        <void property="eventId"> 
         <string>afterTaskCreate</string> 
        </void> 
        <void property="processId"> 
         <string>RAF02</string> 
        </void> 
        <void property="version"> 
         <int>28</int> 
        </void> 
       </object> 
      </void> 
     </object> 
    </void> 
    <void method="add"> 
     <object class="com.datasul.technology.webdesk.workflow.model.WorkflowProcessEvent"> 
      <void property="eventDescription"> 
       <string>function beforeCancelProcess(colleagueId,processId){&#13;	hAPI.setCardValue(&quot;tarea&quot;, &quot;SOLICITUD CANCELADA&quot;);&#13;}</string> 
      </void> 
      <void property="workflowProcessEventPK"> 
       <object class="com.datasul.technology.webdesk.workflow.model.WorkflowProcessEventPK"> 
        <void property="companyId"> 
         <int>1</int> 
        </void> 
        <void property="eventId"> 
         <string>beforeCancelProcess</string> 
        </void> 
        <void property="processId"> 
         <string>RAF02</string> 
        </void> 
        <void property="version"> 
         <int>28</int> 
        </void> 
       </object> 
      </void> 
     </object> 
    </void> 
    <void method="add"> 
     <object class="com.datasul.technology.webdesk.workflow.model.WorkflowProcessEvent"> 
      <void property="eventDescription"> 
       <string>function beforeTaskSave(colleagueId,nextSequenceId,userList){&#13;&#13;	var tarea = getValue(&quot;WKNumState&quot;);&#13;	var completo = getValue(&quot;WKCompletTask&quot;);&#13;	var comentarios = getValue(&quot;WKUserComment&quot;);&#13;	var nroProceso = getValue(&quot;WKNumProces&quot;);&#13;	var proceso = getValue(&quot;WKDef&quot;);&#13;&#13;	// Si la proxima tarea es Actualizar Documentacion o Confirmacion de Lectura&#13;	if (nextSequenceId == 2 || nextSequenceId == 5) {	&#13;		var codigoGrupo = hAPI.getCardValue(&quot;codigoGrupo&quot;);&#13;		hAPI.setCardValue(&quot;usuarios&quot;, getUsuarios(codigoGrupo));	&#13;	}&#13;	&#13;	var asunto = hAPI.getCardValue(&quot;asunto&quot;);&#13;	var tipologia = hAPI.getCardValue(&quot;tipologia&quot;);&#13;	var estado = hAPI.getCardValue(&quot;estado&quot;);&#13;&#13;	hAPI.setCardValue(&quot;anexoPrincipal&quot;, asunto + &quot; | &quot; + tipologia + &quot; | &quot; + estado);&#13;	&#13;	&#13;	var dateParser = new java.text.SimpleDateFormat(&quot;yyyy-MM-dd&quot;);&#13;	&#13;	if (tarea == 1 &amp;&amp; completo) {&#13;		var matricula = hAPI.getCardValue(&quot;matricula&quot;);&#13;		&#13;		var c01 = DatasetFactory.createConstraint(&quot;colleaguePK.colleagueId&quot;, null, matricula, ConstraintType.MUST); &#13;		var constraints = new Array(c01);&#13;		var dataset = DatasetFactory.getDataset(&quot;colleague&quot;, null, constraints, null); &#13;		&#13;		if(dataset.rowsCount == 1){ &#13;			hAPI.setCardValue(&quot;solicitante&quot;, dataset.getValue(0, &quot;colleagueName&quot;));&#13;		}else{&#13;			log.error(&quot;Error no se encuentra el usuario para la matricula: &quot; + matricula);&#13;		}&#13;&#13;		hAPI.setCardValue(&quot;fechaInicioSolicitud&quot;, dateParser.format(new Date()));&#13;	}&#13;	&#13;	if (nextSequenceId == 4 &amp;&amp; completo) {&#13;		hAPI.setCardValue(&quot;fechaFinSolicitud&quot;, dateParser.format(new Date()));&#13;	}&#13;	&#13;	&#13;	if (tarea == 1 &amp;&amp; !completo) {&#13;		hAPI.setCardValue(&quot;tarea&quot;, &quot;CARGAR DOCUMENTACION&quot;);&#13;	}else if (nextSequenceId == 2 &amp;&amp; completo) {&#13;		hAPI.setCardValue(&quot;tarea&quot;, &quot;ACTUALIZAR DOCUMENTACION&quot;);&#13;	}else if (nextSequenceId == 3 &amp;&amp; completo) {&#13;		hAPI.setCardValue(&quot;tarea&quot;, &quot;REVISAR DOCUMENTACION&quot;);&#13;	}else if (nextSequenceId == 4 &amp;&amp; completo) {&#13;		hAPI.setCardValue(&quot;tarea&quot;, &quot;FINALIZACION&quot;);&#13;	}else if (nextSequenceId == 5 &amp;&amp; completo) {&#13;		hAPI.setCardValue(&quot;tarea&quot;, &quot;CONFIRMACION DE LECTURA&quot;);&#13;	}&#13;	&#13;}&#13;</string> 
      </void> 
      <void property="workflowProcessEventPK"> 
       <object class="com.datasul.technology.webdesk.workflow.model.WorkflowProcessEventPK"> 
        <void property="companyId"> 
         <int>1</int> 
        </void> 
        <void property="eventId"> 
         <string>beforeTaskSave</string> 
        </void> 
        <void property="processId"> 
         <string>RAF02</string> 
        </void> 
        <void property="version"> 
         <int>28</int> 
        </void> 
       </object> 
      </void> 
     </object> 
    </void> 
    <void method="add"> 
     <object class="com.datasul.technology.webdesk.workflow.model.WorkflowProcessEvent"> 
      <void property="eventDescription"> 
       <string>function setPlazoAvanceAutomatico(colleagueId) {&#13;&#13;	var nroProceso = getValue(&quot;WKNumProces&quot;);&#13;	var plazoAvanceAutomatico = hAPI.getCardValue(&quot;plazoAvanceAutomatico&quot;);&#13;&#13;	var d = new Date();&#13;	var h = d.getHours();&#13;	var m = d.getMinutes();&#13;&#13;	var obj = hAPI.calculateDeadLineHours(new Date(), ((h*60*60) + (m*60)), plazoAvanceAutomatico, &quot;Default&quot;);&#13;	var data = obj[0];&#13;	var segundos = obj[1];&#13;	hAPI.setDueDate(nroProceso,0,colleagueId, data, segundos);&#13;		&#13;}&#13;&#13;function getUsuarios(codigoGrupo){&#13;&#13;	var usuarios = new java.lang.String(&quot;&quot;);&#13;    var c1 = DatasetFactory.createConstraint(&quot;colleagueGroupPK.groupId&quot;, codigoGrupo, codigoGrupo, ConstraintType.MUST); &#13;    var constraints = new Array(c1);          &#13; &#13;    var dataset = DatasetFactory.getDataset(&quot;colleagueGroup&quot;, null, constraints, null);&#13;&#13;   for(i = 0; i &lt; dataset.rowsCount; i++) {         &#13;      var colleagueId = dataset.getValue(i, &quot;colleagueGroupPK.colleagueId&quot;);            &#13;      usuarios = usuarios + colleagueId + &quot;,&quot;;&#13;   }&#13;&#13;   return usuarios.substring(0,usuarios.length-1);&#13; &#13;}</string> 
      </void> 
      <void property="workflowProcessEventPK"> 
       <object class="com.datasul.technology.webdesk.workflow.model.WorkflowProcessEventPK"> 
        <void property="companyId"> 
         <int>1</int> 
        </void> 
        <void property="eventId"> 
         <string>customizaciones</string> 
        </void> 
        <void property="processId"> 
         <string>RAF02</string> 
        </void> 
        <void property="version"> 
         <int>28</int> 
        </void> 
       </object> 
      </void> 
     </object> 
    </void> 
   </object> 
  </void> 
  <void method="add"> 
   <object class="java.util.ArrayList"/> 
  </void> 
  <void method="add"> 
   <object class="java.util.ArrayList"> 
    <void method="add"> 
     <object class="com.datasul.technology.webdesk.workflow.model.SwimLane"> 
      <void property="color"> 
       <string>FFFFFF</string> 
      </void> 
      <void property="height"> 
       <int>115</int> 
      </void> 
      <void property="positionY"> 
       <int>5</int> 
      </void> 
      <void property="stateName"> 
       <string>Solicitante</string> 
      </void> 
      <void property="swimLanePK"> 
       <object class="com.datasul.technology.webdesk.workflow.model.SwimLanePK"> 
        <void property="companyId"> 
         <int>1</int> 
        </void> 
        <void property="processId"> 
         <string>RAF02</string> 
        </void> 
        <void property="sequence"> 
         <int>1</int> 
        </void> 
        <void property="version"> 
         <int>28</int> 
        </void> 
       </object> 
      </void> 
     </object> 
    </void> 
    <void method="add"> 
     <object class="com.datasul.technology.webdesk.workflow.model.SwimLane"> 
      <void property="color"> 
       <string>FFFF99</string> 
      </void> 
      <void property="height"> 
       <int>206</int> 
      </void> 
      <void property="positionY"> 
       <int>120</int> 
      </void> 
      <void property="stateName"> 
       <string>Receptor</string> 
      </void> 
      <void property="swimLanePK"> 
       <object class="com.datasul.technology.webdesk.workflow.model.SwimLanePK"> 
        <void property="companyId"> 
         <int>1</int> 
        </void> 
        <void property="processId"> 
         <string>RAF02</string> 
        </void> 
        <void property="sequence"> 
         <int>2</int> 
        </void> 
        <void property="version"> 
         <int>28</int> 
        </void> 
       </object> 
      </void> 
     </object> 
    </void> 
   </object> 
  </void> 
  <void method="add"> 
   <object class="java.util.ArrayList"/> 
  </void> 
  <void method="add"> 
   <object class="java.util.ArrayList"/> 
  </void> 
 </object> 
</java>