<?xml version="1.0" encoding="UTF-8"?> 
<java version="1.6.0_26" class="java.beans.XMLDecoder"> 
 <object class="java.util.ArrayList"> 
  <void method="add"> 
   <object class="com.datasul.technology.webdesk.workflow.model.ProcessDefinition"> 
    <void property="active"> 
     <boolean>true</boolean> 
    </void> 
    <void property="baseDay"> 
     <int>0</int> 
    </void> 
    <void property="baseMonth"> 
     <int>0</int> 
    </void> 
    <void property="categoryId"> 
     <string>Registro de Consultas</string> 
    </void> 
    <void property="instruction"> 
     <string></string> 
    </void> 
    <void property="managerEngineAllocationConfiguration"> 
     <string>&lt;AssociatedController ConditionAssociated=&apos;OR&apos;&gt;&lt;ControlXML TypeAssociated=&quot;Usuário&quot;&gt;
  &lt;AssignmentController&gt;
    &lt;User&gt;029&lt;/User&gt;
  &lt;/AssignmentController&gt;
&lt;/ControlXML&gt;&lt;ControlXML TypeAssociated=&quot;Usuário&quot;&gt;
  &lt;AssignmentController&gt;
    &lt;User&gt;031&lt;/User&gt;
  &lt;/AssignmentController&gt;
&lt;/ControlXML&gt;&lt;ControlXML TypeAssociated=&quot;Usuário&quot;&gt;
  &lt;AssignmentController&gt;
    &lt;User&gt;032&lt;/User&gt;
  &lt;/AssignmentController&gt;
&lt;/ControlXML&gt;&lt;ControlXML TypeAssociated=&quot;Usuário&quot;&gt;
  &lt;AssignmentController&gt;
    &lt;User&gt;procesobpm&lt;/User&gt;
  &lt;/AssignmentController&gt;
&lt;/ControlXML&gt;&lt;ControlXML TypeAssociated=&apos;Usuário&apos;&gt;&lt;AssignmentController&gt;&lt;User&gt;065&lt;/User&gt;&lt;/AssignmentController&gt;&lt;/ControlXML&gt;&lt;/AssociatedController&gt;</string> 
    </void> 
    <void property="managerEngineAllocationId"> 
     <string>Associado</string> 
    </void> 
    <void property="periodId"> 
     <string>Default</string> 
    </void> 
    <void property="processDefinitionPK"> 
     <object class="com.datasul.technology.webdesk.workflow.model.ProcessDefinitionPK"> 
      <void property="companyId"> 
       <int>1</int> 
      </void> 
      <void property="processId"> 
       <string>RAF03</string> 
      </void> 
     </object> 
    </void> 
    <void property="processDescription"> 
     <string>RAF-Registro de Consultas</string> 
    </void> 
    <void property="publicProcess"> 
     <boolean>false</boolean> 
    </void> 
    <void property="snapshotFrequency"> 
     <int>1</int> 
    </void> 
    <void property="volumeId"> 
     <string>Default</string> 
    </void> 
   </object> 
  </void> 
  <void method="add"> 
   <object class="com.datasul.technology.webdesk.workflow.model.ProcessDefinitionVersion"> 
    <void property="active"> 
     <boolean>true</boolean> 
    </void> 
    <void property="editionMode"> 
     <boolean>false</boolean> 
    </void> 
    <void property="formId"> 
     <int>2602</int> 
    </void> 
    <void property="processDefinitionVersionPK"> 
     <object class="com.datasul.technology.webdesk.workflow.model.ProcessDefinitionVersionPK"> 
      <void property="companyId"> 
       <int>1</int> 
      </void> 
      <void property="processId"> 
       <string>RAF03</string> 
      </void> 
      <void property="version"> 
       <int>17</int> 
      </void> 
     </object> 
    </void> 
    <void property="updateAttachmentsVersion"> 
     <boolean>true</boolean> 
    </void> 
    <void property="versionDescription"> 
     <string>Nueva Versión.</string> 
    </void> 
   </object> 
  </void> 
  <void method="add"> 
   <object class="java.util.ArrayList"> 
    <void method="add"> 
     <object class="com.datasul.technology.webdesk.workflow.model.ProcessState"> 
      <void property="engineAllocationConfiguration"> 
       <string>&lt;AssignmentController&gt;&lt;Group&gt;RC_ATE_FCIA&lt;/Group&gt;&lt;/AssignmentController&gt;</string> 
      </void> 
      <void property="engineAllocationId"> 
       <string>Grupo</string> 
      </void> 
      <void property="inhibitTransfer"> 
       <boolean>false</boolean> 
      </void> 
      <void property="initialState"> 
       <boolean>true</boolean> 
      </void> 
      <void property="instruction"> 
       <string>&lt;ul&gt;&lt;li&gt;Adjuntar un documento - Ir a la solapa Adjuntos y elegir las opciones “Nuevo Adjunto Upload” – “Upload”,  seleccionar el documento y elegir la opción “Confirmar”. &lt;/li&gt;
&lt;li&gt;“Salvar” o “Cerrar” – Si eligió dicha opción,  la consulta se podrá visualizar dirigiéndose a la pantalla de Inicio - Procesos – Central de Tareas – Tareas a Concluir. Si elige la opción “Cerrar” los datos cargados o modificados se perderán.&lt;/li&gt;&lt;/ul&gt;</string> 
      </void> 
      <void property="joint"> 
       <boolean>false</boolean> 
      </void> 
      <void property="notifyAuthorityDelay"> 
       <boolean>false</boolean> 
      </void> 
      <void property="notifyAuthorityFollowUp"> 
       <boolean>false</boolean> 
      </void> 
      <void property="notifyManagerDelay"> 
       <boolean>false</boolean> 
      </void> 
      <void property="notifyManagerFollowUp"> 
       <boolean>false</boolean> 
      </void> 
      <void property="notifyPoolFollowUp"> 
       <boolean>false</boolean> 
      </void> 
      <void property="notifyRequisitionerDelay"> 
       <boolean>false</boolean> 
      </void> 
      <void property="notifyRequisitionerFollowUp"> 
       <boolean>false</boolean> 
      </void> 
      <void property="periodId"> 
       <string></string> 
      </void> 
      <void property="positionX"> 
       <int>76</int> 
      </void> 
      <void property="positionY"> 
       <int>187</int> 
      </void> 
      <void property="processStatePK"> 
       <object class="com.datasul.technology.webdesk.workflow.model.ProcessStatePK"> 
        <void property="companyId"> 
         <int>1</int> 
        </void> 
        <void property="processId"> 
         <string>RAF03</string> 
        </void> 
        <void property="sequence"> 
         <int>1</int> 
        </void> 
        <void property="version"> 
         <int>17</int> 
        </void> 
       </object> 
      </void> 
      <void property="selectColleague"> 
       <int>1</int> 
      </void> 
      <void property="stateDescription"> 
       <string>Registrar Consulta</string> 
      </void> 
      <void property="stateName"> 
       <string>Registrar Consulta</string> 
      </void> 
      <void property="subProcessId"> 
       <string></string> 
      </void> 
      <void property="transferAttachments"> 
       <boolean>false</boolean> 
      </void> 
     </object> 
    </void> 
    <void method="add"> 
     <object class="com.datasul.technology.webdesk.workflow.model.ProcessState"> 
      <void property="engineAllocationConfiguration"> 
       <string>&lt;AssignmentController&gt;&lt;Group&gt;RC_ATE_FCIA&lt;/Group&gt;&lt;/AssignmentController&gt;</string> 
      </void> 
      <void property="engineAllocationId"> 
       <string>Pool Grupo</string> 
      </void> 
      <void property="inhibitTransfer"> 
       <boolean>false</boolean> 
      </void> 
      <void property="initialState"> 
       <boolean>false</boolean> 
      </void> 
      <void property="instruction"> 
       <string>&lt;ul&gt;&lt;li&gt;Adjuntar un documento - Ir a la solapa Adjuntos y elegir las opciones “Nuevo Adjunto Upload” – “Upload”,  seleccionar el documento y elegir la opción “Confirmar”. &lt;/li&gt;
&lt;li&gt;“Salvar” o “Cerrar” – Si eligió dicha opción,  la consulta se podrá visualizar dirigiéndose a la pantalla de Inicio - Procesos – Central de Tareas – Tareas a Concluir. Si elige la opción “Cerrar” los datos cargados o modificados se perderán.&lt;/li&gt;&lt;/ul&gt;</string> 
      </void> 
      <void property="joint"> 
       <boolean>false</boolean> 
      </void> 
      <void property="notifyAuthorityDelay"> 
       <boolean>false</boolean> 
      </void> 
      <void property="notifyAuthorityFollowUp"> 
       <boolean>false</boolean> 
      </void> 
      <void property="notifyManagerDelay"> 
       <boolean>false</boolean> 
      </void> 
      <void property="notifyManagerFollowUp"> 
       <boolean>false</boolean> 
      </void> 
      <void property="notifyPoolFollowUp"> 
       <boolean>false</boolean> 
      </void> 
      <void property="notifyRequisitionerDelay"> 
       <boolean>false</boolean> 
      </void> 
      <void property="notifyRequisitionerFollowUp"> 
       <boolean>false</boolean> 
      </void> 
      <void property="periodId"> 
       <string></string> 
      </void> 
      <void property="positionX"> 
       <int>273</int> 
      </void> 
      <void property="positionY"> 
       <int>176</int> 
      </void> 
      <void property="processStatePK"> 
       <object class="com.datasul.technology.webdesk.workflow.model.ProcessStatePK"> 
        <void property="companyId"> 
         <int>1</int> 
        </void> 
        <void property="processId"> 
         <string>RAF03</string> 
        </void> 
        <void property="sequence"> 
         <int>2</int> 
        </void> 
        <void property="version"> 
         <int>17</int> 
        </void> 
       </object> 
      </void> 
      <void property="selectColleague"> 
       <int>1</int> 
      </void> 
      <void property="stateDescription"> 
       <string>Consulta Abierta</string> 
      </void> 
      <void property="stateName"> 
       <string>Consulta Abierta</string> 
      </void> 
      <void property="subProcessId"> 
       <string></string> 
      </void> 
      <void property="transferAttachments"> 
       <boolean>false</boolean> 
      </void> 
     </object> 
    </void> 
    <void method="add"> 
     <object class="com.datasul.technology.webdesk.workflow.model.ProcessState"> 
      <void property="allowanceAuthorityTime"> 
       <int>3600</int> 
      </void> 
      <void property="engineAllocationConfiguration"> 
       <string></string> 
      </void> 
      <void property="engineAllocationId"> 
       <string></string> 
      </void> 
      <void id="Integer0" property="allowanceAuthorityhours"/> 
      <void property="frequenceAuthorityHours"> 
       <object idref="Integer0"/> 
      </void> 
      <void property="inhibitTransfer"> 
       <boolean>false</boolean> 
      </void> 
      <void property="initialState"> 
       <boolean>false</boolean> 
      </void> 
      <void property="instruction"> 
       <string></string> 
      </void> 
      <void property="joint"> 
       <boolean>false</boolean> 
      </void> 
      <void property="notifyAuthorityDelay"> 
       <boolean>true</boolean> 
      </void> 
      <void property="notifyAuthorityFollowUp"> 
       <boolean>true</boolean> 
      </void> 
      <void property="notifyManagerDelay"> 
       <boolean>false</boolean> 
      </void> 
      <void property="notifyManagerFollowUp"> 
       <boolean>false</boolean> 
      </void> 
      <void property="notifyRequisitionerDelay"> 
       <boolean>false</boolean> 
      </void> 
      <void property="notifyRequisitionerFollowUp"> 
       <boolean>false</boolean> 
      </void> 
      <void property="periodId"> 
       <string></string> 
      </void> 
      <void property="positionX"> 
       <int>891</int> 
      </void> 
      <void property="positionY"> 
       <int>182</int> 
      </void> 
      <void property="processStatePK"> 
       <object class="com.datasul.technology.webdesk.workflow.model.ProcessStatePK"> 
        <void property="companyId"> 
         <int>1</int> 
        </void> 
        <void property="processId"> 
         <string>RAF03</string> 
        </void> 
        <void property="sequence"> 
         <int>4</int> 
        </void> 
        <void property="version"> 
         <int>17</int> 
        </void> 
       </object> 
      </void> 
      <void property="stateDescription"> 
       <string>Consulta Cerrada</string> 
      </void> 
      <void property="stateName"> 
       <string>Consulta Cerrada</string> 
      </void> 
      <void property="subProcessId"> 
       <string></string> 
      </void> 
      <void property="transferAttachments"> 
       <boolean>false</boolean> 
      </void> 
     </object> 
    </void> 
    <void method="add"> 
     <object class="com.datasul.technology.webdesk.workflow.model.ProcessState"> 
      <void property="automatic"> 
       <boolean>true</boolean> 
      </void> 
      <void property="engineAllocationConfiguration"> 
       <string></string> 
      </void> 
      <void property="engineAllocationId"> 
       <string></string> 
      </void> 
      <void property="inhibitTransfer"> 
       <boolean>false</boolean> 
      </void> 
      <void property="initialState"> 
       <boolean>false</boolean> 
      </void> 
      <void property="instruction"> 
       <string></string> 
      </void> 
      <void property="joint"> 
       <boolean>false</boolean> 
      </void> 
      <void property="notifyAuthorityDelay"> 
       <boolean>false</boolean> 
      </void> 
      <void property="notifyAuthorityFollowUp"> 
       <boolean>false</boolean> 
      </void> 
      <void property="notifyManagerDelay"> 
       <boolean>false</boolean> 
      </void> 
      <void property="notifyManagerFollowUp"> 
       <boolean>false</boolean> 
      </void> 
      <void property="notifyRequisitionerDelay"> 
       <boolean>false</boolean> 
      </void> 
      <void property="notifyRequisitionerFollowUp"> 
       <boolean>false</boolean> 
      </void> 
      <void property="periodId"> 
       <string></string> 
      </void> 
      <void property="positionX"> 
       <int>641</int> 
      </void> 
      <void property="positionY"> 
       <int>121</int> 
      </void> 
      <void property="processStatePK"> 
       <object class="com.datasul.technology.webdesk.workflow.model.ProcessStatePK"> 
        <void property="companyId"> 
         <int>1</int> 
        </void> 
        <void property="processId"> 
         <string>RAF03</string> 
        </void> 
        <void property="sequence"> 
         <int>5</int> 
        </void> 
        <void property="version"> 
         <int>17</int> 
        </void> 
       </object> 
      </void> 
      <void property="stateDescription"> 
       <string>Consulta Cerrada?</string> 
      </void> 
      <void property="stateName"> 
       <string>Consulta Cerrada?</string> 
      </void> 
      <void property="subProcessId"> 
       <string></string> 
      </void> 
      <void property="transferAttachments"> 
       <boolean>false</boolean> 
      </void> 
     </object> 
    </void> 
   </object> 
  </void> 
  <void method="add"> 
   <object class="java.util.ArrayList"> 
    <void method="add"> 
     <object class="com.datasul.technology.webdesk.workflow.model.ConditionProcessState"> 
      <void property="condition"> 
       <string>hAPI.getCardValue(&quot;cerrarConsulta&quot;) == &quot;1&quot;</string> 
      </void> 
      <void property="conditionProcessStatePK"> 
       <object class="com.datasul.technology.webdesk.workflow.model.ConditionProcessStatePK"> 
        <void property="companyId"> 
         <int>1</int> 
        </void> 
        <void property="expressionOrder"> 
         <int>1</int> 
        </void> 
        <void property="processId"> 
         <string>RAF03</string> 
        </void> 
        <void property="sequence"> 
         <int>5</int> 
        </void> 
        <void property="version"> 
         <int>17</int> 
        </void> 
       </object> 
      </void> 
      <void property="destinationSequenceId"> 
       <int>4</int> 
      </void> 
      <void property="engineAllocationConfiguration"> 
       <string></string> 
      </void> 
      <void property="engineAllocationId"> 
       <string></string> 
      </void> 
     </object> 
    </void> 
    <void method="add"> 
     <object class="com.datasul.technology.webdesk.workflow.model.ConditionProcessState"> 
      <void property="condition"> 
       <string>true</string> 
      </void> 
      <void property="conditionProcessStatePK"> 
       <object class="com.datasul.technology.webdesk.workflow.model.ConditionProcessStatePK"> 
        <void property="companyId"> 
         <int>1</int> 
        </void> 
        <void property="expressionOrder"> 
         <int>2</int> 
        </void> 
        <void property="processId"> 
         <string>RAF03</string> 
        </void> 
        <void property="sequence"> 
         <int>5</int> 
        </void> 
        <void property="version"> 
         <int>17</int> 
        </void> 
       </object> 
      </void> 
      <void property="destinationSequenceId"> 
       <int>2</int> 
      </void> 
      <void property="engineAllocationConfiguration"> 
       <string></string> 
      </void> 
      <void property="engineAllocationId"> 
       <string></string> 
      </void> 
     </object> 
    </void> 
   </object> 
  </void> 
  <void method="add"> 
   <object class="java.util.ArrayList"> 
    <void method="add"> 
     <object class="com.datasul.technology.webdesk.workflow.model.ProcessLink"> 
      <void property="actionLabel"> 
       <string> </string> 
      </void> 
      <void property="finalStateSequence"> 
       <int>2</int> 
      </void> 
      <void property="initialStateSequence"> 
       <int>1</int> 
      </void> 
      <void property="processLinkPK"> 
       <object class="com.datasul.technology.webdesk.workflow.model.ProcessLinkPK"> 
        <void property="companyId"> 
         <int>1</int> 
        </void> 
        <void property="linkSequence"> 
         <int>1</int> 
        </void> 
        <void property="processId"> 
         <string>RAF03</string> 
        </void> 
        <void property="version"> 
         <int>17</int> 
        </void> 
       </object> 
      </void> 
      <void property="returnLabel"> 
       <string> </string> 
      </void> 
      <void property="returnPermited"> 
       <boolean>false</boolean> 
      </void> 
     </object> 
    </void> 
    <void method="add"> 
     <object class="com.datasul.technology.webdesk.workflow.model.ProcessLink"> 
      <void property="actionLabel"> 
       <string>Confirmar Modificaciones</string> 
      </void> 
      <void property="finalStateSequence"> 
       <int>5</int> 
      </void> 
      <void property="initialStateSequence"> 
       <int>2</int> 
      </void> 
      <void property="processLinkPK"> 
       <object class="com.datasul.technology.webdesk.workflow.model.ProcessLinkPK"> 
        <void property="companyId"> 
         <int>1</int> 
        </void> 
        <void property="linkSequence"> 
         <int>2</int> 
        </void> 
        <void property="processId"> 
         <string>RAF03</string> 
        </void> 
        <void property="version"> 
         <int>17</int> 
        </void> 
       </object> 
      </void> 
      <void property="returnLabel"> 
       <string> </string> 
      </void> 
      <void property="returnPermited"> 
       <boolean>false</boolean> 
      </void> 
     </object> 
    </void> 
    <void method="add"> 
     <object class="com.datasul.technology.webdesk.workflow.model.ProcessLink"> 
      <void property="actionLabel"> 
       <string> </string> 
      </void> 
      <void property="finalStateSequence"> 
       <int>4</int> 
      </void> 
      <void property="initialStateSequence"> 
       <int>5</int> 
      </void> 
      <void property="processLinkPK"> 
       <object class="com.datasul.technology.webdesk.workflow.model.ProcessLinkPK"> 
        <void property="companyId"> 
         <int>1</int> 
        </void> 
        <void property="linkSequence"> 
         <int>3</int> 
        </void> 
        <void property="processId"> 
         <string>RAF03</string> 
        </void> 
        <void property="version"> 
         <int>17</int> 
        </void> 
       </object> 
      </void> 
      <void property="returnLabel"> 
       <string> </string> 
      </void> 
      <void property="returnPermited"> 
       <boolean>false</boolean> 
      </void> 
     </object> 
    </void> 
    <void method="add"> 
     <object class="com.datasul.technology.webdesk.workflow.model.ProcessLink"> 
      <void property="actionLabel"> 
       <string> </string> 
      </void> 
      <void property="finalStateSequence"> 
       <int>2</int> 
      </void> 
      <void property="initialStateSequence"> 
       <int>5</int> 
      </void> 
      <void property="processLinkPK"> 
       <object class="com.datasul.technology.webdesk.workflow.model.ProcessLinkPK"> 
        <void property="companyId"> 
         <int>1</int> 
        </void> 
        <void property="linkSequence"> 
         <int>4</int> 
        </void> 
        <void property="processId"> 
         <string>RAF03</string> 
        </void> 
        <void property="version"> 
         <int>17</int> 
        </void> 
       </object> 
      </void> 
      <void property="returnLabel"> 
       <string> </string> 
      </void> 
      <void property="returnPermited"> 
       <boolean>false</boolean> 
      </void> 
     </object> 
    </void> 
   </object> 
  </void> 
  <void method="add"> 
   <object class="java.util.ArrayList"/> 
  </void> 
  <void method="add"> 
   <object class="java.util.ArrayList"> 
    <void method="add"> 
     <object class="com.datasul.technology.webdesk.workflow.model.WorkflowProcessEvent"> 
      <void property="eventDescription"> 
       <string>function afterProcessCreate(processId){&#13;&#13;	hAPI.setCardValue(&quot;nroSolicitud&quot;, processId);&#13;&#13;}</string> 
      </void> 
      <void property="workflowProcessEventPK"> 
       <object class="com.datasul.technology.webdesk.workflow.model.WorkflowProcessEventPK"> 
        <void property="companyId"> 
         <int>1</int> 
        </void> 
        <void property="eventId"> 
         <string>afterProcessCreate</string> 
        </void> 
        <void property="processId"> 
         <string>RAF03</string> 
        </void> 
        <void property="version"> 
         <int>17</int> 
        </void> 
       </object> 
      </void> 
     </object> 
    </void> 
    <void method="add"> 
     <object class="com.datasul.technology.webdesk.workflow.model.WorkflowProcessEvent"> 
      <void property="eventDescription"> 
       <string>function beforeCancelProcess(colleagueId,processId){&#13;&#13;	var activeStates = hAPI.getActiveStates();	&#13;	if (!(activeStates.size() == 1 &amp;&amp; activeStates.get(0) == 1)) {&#13;		throw &quot;No se puede cancelar la solicitud en esta tarea.&quot;;&#13;	}&#13;	&#13;}</string> 
      </void> 
      <void property="workflowProcessEventPK"> 
       <object class="com.datasul.technology.webdesk.workflow.model.WorkflowProcessEventPK"> 
        <void property="companyId"> 
         <int>1</int> 
        </void> 
        <void property="eventId"> 
         <string>beforeCancelProcess</string> 
        </void> 
        <void property="processId"> 
         <string>RAF03</string> 
        </void> 
        <void property="version"> 
         <int>17</int> 
        </void> 
       </object> 
      </void> 
     </object> 
    </void> 
    <void method="add"> 
     <object class="com.datasul.technology.webdesk.workflow.model.WorkflowProcessEvent"> 
      <void property="eventDescription"> 
       <string>function beforeTaskSave(colleagueId,nextSequenceId,userList){&#13;&#13;	var tarea = getValue(&quot;WKNumState&quot;);&#13;	var completo = getValue(&quot;WKCompletTask&quot;);&#13;	var comentarios = getValue(&quot;WKUserComment&quot;);&#13;	var nroSolicitudPadre = getValue(&quot;WKNumProces&quot;);&#13;	var companyId = getValue(&quot;WKCompany&quot;);&#13;	&#13;	var anexoPrincipal = &quot;&quot;;&#13;&#13;	var telefono = hAPI.getCardValue(&quot;telefono&quot;);&#13;	var mail = hAPI.getCardValue(&quot;mail&quot;);&#13;	var otro = hAPI.getCardValue(&quot;otro&quot;);&#13;	var direccion = hAPI.getCardValue(&quot;direccion&quot;);	&#13;	var cerrarConsulta = hAPI.getCardValue(&quot;cerrarConsulta&quot;);&#13;	&#13;	if(telefono == &quot;&quot; &amp;&amp; mail == &quot;&quot; &amp;&amp; otro == &quot;&quot; &amp;&amp; direccion == &quot;&quot;){&#13;		throw &apos;Alguno de los campos Teléfono, Mail, Otro o Dirección deben ser completados.&apos;;&#13;	}&#13;	&#13;	//Inicia la solicitud automaticamente&#13;	var REGISTRAR_CONSULTA = 1;&#13;	var MODIFICAR_CONSULTA = 2;&#13;&#13;	if (tarea == REGISTRAR_CONSULTA &amp;&amp; completo == &quot;true&quot;) {&#13;		&#13;		if(hAPI.getCardValue(&quot;subindicesHijos&quot;) == &quot;&quot;){&#13;			throw &quot;Debe cargar al menos una consulta.&quot;; &#13;		}&#13;		&#13;		try {&#13;			&#13;			var subindicesHijos = hAPI.getCardValue(&quot;subindicesHijos&quot;).split(&quot;,&quot;);&#13;			&#13;			for(i = 0 ; i &lt; subindicesHijos.length ; i++){&#13;					&#13;				var numeroConsulta = proximoNumero(&quot;R03_NRO_CONSULTA&quot;)&#13;				&#13;				var listaColab = new java.util.ArrayList();&#13;				listaColab.add(hAPI.getCardValue(&apos;cons_derivacion_grupo___&apos; + subindicesHijos[i])); &#13;				 &#13;				var tipoConsulta = hAPI.getCardValue(&apos;cons_tipo___&apos; + subindicesHijos[i])&#13;				var descripcionProducto = hAPI.getCardValue(&apos;cons_producto___&apos; + subindicesHijos[i])&#13;				 &#13;				var valoresFicha = new java.util.HashMap();&#13;				valoresFicha.put(&quot;padre_nroSolicitud&quot;, java.lang.String.valueOf(nroSolicitudPadre));&#13;				valoresFicha.put(&quot;nroHijo&quot;, subindicesHijos[i]);&#13;				valoresFicha.put(&quot;derivacionCodigoGrupo&quot;, hAPI.getCardValue(&apos;cons_derivacion_grupo___&apos; + subindicesHijos[i]));&#13;				valoresFicha.put(&quot;anexoPrincipal&quot;, descripcionProducto + &quot; - &quot; + tipoConsulta + &quot; - &quot; + numeroConsulta);&#13;				&#13;				//agregar datos cabecera&#13;				valoresFicha.put(&quot;padre_fecha&quot;, hAPI.getCardValue(&apos;fecha&apos;));&#13;				valoresFicha.put(&quot;padre_hora&quot;, hAPI.getCardValue(&apos;hora&apos;));&#13;				valoresFicha.put(&quot;padre_origen&quot;, hAPI.getCardValue(&apos;origen&apos;));&#13;				valoresFicha.put(&quot;padre_nombre&quot;, hAPI.getCardValue(&apos;nombre&apos;));&#13;				valoresFicha.put(&quot;padre_telefono&quot;, hAPI.getCardValue(&apos;telefono&apos;));&#13;				valoresFicha.put(&quot;padre_mail&quot;, hAPI.getCardValue(&apos;mail&apos;));&#13;				valoresFicha.put(&quot;padre_direccion&quot;, hAPI.getCardValue(&apos;direccion&apos;));&#13;				valoresFicha.put(&quot;padre_otro&quot;, hAPI.getCardValue(&apos;otro&apos;));&#13;				valoresFicha.put(&quot;padre_observaciones&quot;, hAPI.getCardValue(&apos;observaciones&apos;));&#13;				&#13;				valoresFicha.put(&quot;aten_nroConsulta&quot;, numeroConsulta);&#13;				valoresFicha.put(&quot;aten_producto&quot;, hAPI.getCardValue(&apos;cons_producto___&apos; + subindicesHijos[i]));&#13;				valoresFicha.put(&quot;aten_activo&quot;, hAPI.getCardValue(&apos;cons_activo___&apos; + subindicesHijos[i]));&#13;				valoresFicha.put(&quot;aten_nroLote&quot;, hAPI.getCardValue(&apos;cons_nroLote___&apos; + subindicesHijos[i]));&#13;				valoresFicha.put(&quot;aten_vencimiento&quot;, hAPI.getCardValue(&apos;cons_vencimiento___&apos; + subindicesHijos[i]));&#13;				valoresFicha.put(&quot;aten_tipo&quot;, hAPI.getCardValue(&apos;cons_tipo___&apos; + subindicesHijos[i]));&#13;				valoresFicha.put(&quot;aten_observacion&quot;, hAPI.getCardValue(&apos;cons_observacion___&apos; + subindicesHijos[i]));&#13;				valoresFicha.put(&quot;aten_derivacion&quot;, hAPI.getCardValue(&apos;cons_derivacion___&apos; + subindicesHijos[i]));&#13;				&#13;				var result = hAPI.startProcess(&apos;RAF04&apos;, 6, listaColab, &quot; &quot; , true, valoresFicha, false);&#13;				&#13;				hAPI.setCardValue(&quot;cons_nroSolicitud___&quot; + subindicesHijos[i], result.get(&quot;iProcess&quot;));&#13;				hAPI.setCardValue(&quot;cons_nroConsulta___&quot; + subindicesHijos[i], numeroConsulta);&#13;				&#13;				anexoPrincipal = anexoPrincipal + &quot; - &quot; + numeroConsulta + &quot;(&quot; + hAPI.getCardValue(&apos;cons_nroSolicitud___&apos; + subindicesHijos[i]) + &quot;)&quot;;&#13;&#13;			}&#13;			&#13;			anexoPrincipal = anexoPrincipal.substring(2);&#13;			&#13;			hAPI.setCardValue(&quot;anexoPrincipal&quot;, anexoPrincipal);&#13;			&#13;		} catch(e) {&#13;			log.info(&quot;########## Erro startProcess: &quot; + e);&#13;			throw &apos;Se produjo un error al iniciar la solicitud de Atención de Consultas. Por favor, consulte con el administrador del sistema.&apos;;&#13;		}&#13;         &#13;    }else if(tarea == MODIFICAR_CONSULTA &amp;&amp; completo == &quot;true&quot; &amp;&amp; cerrarConsulta != &quot;1&quot;){&#13;	&#13;		// Enviar correo electronico custom para notificar a los usuarios que tienen asignadas las tareas hijas.&#13;		&#13;		var subindicesHijos = hAPI.getCardValue(&quot;subindicesHijos&quot;).split(&quot;,&quot;);&#13;		&#13;		for(i = 0 ; i &lt; subindicesHijos.length ; i++){&#13;		&#13;			var nroSolicitudHija = hAPI.getCardValue(&quot;cons_nroSolicitud___&quot; + subindicesHijos[i]);&#13;			var tareaHija = hAPI.getCardValue(&quot;cons_tarea___&quot; + subindicesHijos[i]);&#13;			var rellamado = hAPI.getCardValue(&quot;rellamado___&quot; + subindicesHijos[i]);&#13;			var modificacionDatos = hAPI.getCardValue(&quot;modificacionDatos&quot;);&#13;			&#13;			var destinatarios = new Array();&#13;			&#13;			log.error(&quot;############# nroSolicitudHija: &quot; + nroSolicitudHija + &quot; rellamado: &quot; + rellamado);&#13;			&#13;			if(tareaHija != &apos;CONSULTA CERRADA&apos; &amp;&amp; tareaHija != &apos;CONSULTA CANCELADA&apos; &amp;&amp; (rellamado == &apos;1&apos; || modificacionDatos == &apos;1&apos;)){&#13;			&#13;				var c1 = DatasetFactory.createConstraint(&quot;processTaskPK.processInstanceId&quot;, nroSolicitudHija, nroSolicitudHija, ConstraintType.MUST); &#13;				var c2 = DatasetFactory.createConstraint(&quot;active&quot;, &quot;true&quot;, &quot;true&quot;, ConstraintType.MUST); 					&#13;				var processTaskDataset = DatasetFactory.getDataset(&quot;processTask&quot;, null, [c1,c2], null); &#13;				var colleagueId = processTaskDataset.getValue(0, &quot;processTaskPK.colleagueId&quot;);  &#13;				&#13;				log.error(&quot;############# colleagueId: &quot; + colleagueId);&#13;					&#13;				var c3 = DatasetFactory.createConstraint(&quot;colleaguePK.colleagueId&quot;, colleagueId, colleagueId, ConstraintType.MUST); &#13;				var colleagueDataset = DatasetFactory.getDataset(&quot;colleague&quot;, null, [c3], null);&#13;				&#13;				// Lo busco en el dataset de usuarios &#13;				if(colleagueDataset.rowsCount == 1){&#13;				&#13;					var mail = colleagueDataset.getValue(0,&quot;mail&quot;);	&#13;					destinatarios.push(mail);&#13;					log.error(&quot;############# mail: &quot; + mail);&#13;				&#13;				}else{&#13;				&#13;					// Si no esta en el dataset de usuarios entonces es un pool&#13;					// Busco los usuarios en el dataset de usuarios por grupo &#13;					&#13;					var group = colleagueId.substring(11);&#13;					log.error(&quot;############# group: &quot; + group);&#13;				&#13;					var c4 = DatasetFactory.createConstraint(&quot;colleagueGroupPK.groupId&quot;, group, group, ConstraintType.MUST); &#13;					var colleagueGroupDataset = DatasetFactory.getDataset(&quot;colleagueGroup&quot;, null, [c4], null); &#13;				&#13;					for(var j=0; j&lt;colleagueGroupDataset.rowsCount; j++){&#13;						&#13;						var member = colleagueGroupDataset.getValue(j,&apos;colleagueGroupPK.colleagueId&apos;);&#13;						log.error(&quot;############# member: &quot; + member);&#13;						&#13;						var c5 = DatasetFactory.createConstraint(&quot;colleaguePK.colleagueId&quot;, member, member, ConstraintType.MUST); &#13;						colleagueDataset = DatasetFactory.getDataset(&quot;colleague&quot;, null, [c5], null);&#13;						&#13;						var mail = colleagueDataset.getValue(0,&quot;mail&quot;);	&#13;						destinatarios.push(mail);&#13;						log.error(&quot;############# mail: &quot; + mail);&#13;						&#13;					}&#13;					&#13;				}	&#13;				&#13;				var data = new java.util.HashMap();&#13;				var subject = &apos;&apos;;&#13;				var descripcion = &apos;&apos;;&#13;				&#13;				if(modificacionDatos == &apos;1&apos;){&#13;					subject = &quot;Modificación de Datos del Cliente en Consulta: &quot; + hAPI.getCardValue(&quot;cons_nroConsulta___&quot; + subindicesHijos[i]);&#13;					descripcion = &quot;En la siguiente consulta se han modificado datos del cliente.&quot;;&#13;				}else{&#13;					subject = &quot;Llamada Reiterada en Consulta: &quot; + hAPI.getCardValue(&quot;cons_nroConsulta___&quot; + subindicesHijos[i]);	&#13;					descripcion = &quot;En la siguiente consulta se ha producido una llamada reiterada.&quot;;&#13;				}				&#13;				&#13;				var idTemplate = &quot;raf_tpl_atencionconsultas&quot;;&#13;				var archivoTemplate = &quot;raf_tpl_atencionconsultas.html&quot;;&#13;				var mimeType = &quot;text/html&quot;;&#13;				&#13;				data.put(&quot;descripcion&quot;, descripcion);&#13;				data.put(&quot;padre_nroSolicitud&quot;, nroSolicitudPadre);&#13;				data.put(&quot;padre_fecha&quot;, hAPI.getCardValue(&quot;fecha&quot;));&#13;				data.put(&quot;padre_hora&quot;, hAPI.getCardValue(&quot;hora&quot;));&#13;				data.put(&quot;padre_origen&quot;, hAPI.getCardValue(&quot;origen&quot;));&#13;				data.put(&quot;padre_nombre&quot;, hAPI.getCardValue(&quot;nombre&quot;));&#13;				data.put(&quot;padre_telefono&quot;, hAPI.getCardValue(&quot;telefono&quot;));&#13;				data.put(&quot;padre_mail&quot;, hAPI.getCardValue(&quot;mail&quot;));&#13;				data.put(&quot;padre_direccion&quot;, hAPI.getCardValue(&quot;direccion&quot;));&#13;				data.put(&quot;padre_otro&quot;, hAPI.getCardValue(&quot;otro&quot;));&#13;				data.put(&quot;padre_observaciones&quot;, hAPI.getCardValue(&quot;observaciones&quot;));&#13;				&#13;				data.put(&quot;aten_nroSolicitud&quot;, hAPI.getCardValue(&quot;cons_nroSolicitud___&quot; + subindicesHijos[i]));&#13;				data.put(&quot;aten_nroConsulta&quot;, hAPI.getCardValue(&quot;cons_nroConsulta___&quot; + subindicesHijos[i]));				&#13;				data.put(&quot;aten_producto&quot;, hAPI.getCardValue(&quot;cons_producto___&quot; + subindicesHijos[i]));&#13;				data.put(&quot;aten_activo&quot;, hAPI.getCardValue(&quot;cons_activo___&quot; + subindicesHijos[i]));&#13;				data.put(&quot;aten_nroLote&quot;, hAPI.getCardValue(&quot;cons_nroLote___&quot; + subindicesHijos[i]));&#13;				data.put(&quot;aten_vencimiento&quot;, hAPI.getCardValue(&quot;cons_vencimiento___&quot; + subindicesHijos[i]));&#13;				data.put(&quot;aten_tipo&quot;, hAPI.getCardValue(&quot;cons_tipo___&quot; + subindicesHijos[i]));&#13;				data.put(&quot;aten_observacion&quot;, hAPI.getCardValue(&quot;cons_observacion___&quot; + subindicesHijos[i]));&#13;				data.put(&quot;aten_derivacion&quot;, hAPI.getCardValue(&quot;cons_derivacion___&quot; + subindicesHijos[i]));					&#13;				data.put(&quot;aten_rellamada&quot;, hAPI.getCardValue(&quot;cons_rellamada___&quot; + subindicesHijos[i]));				&#13;				&#13;				// Aca se envia el mail a los destinatarios.&#13;				log.error(&quot;############# enviando mail a destinatarios: &quot; + destinatarios);&#13;				enviarCorreoCustom(companyId, destinatarios, subject, idTemplate, archivoTemplate, mimeType, data);&#13;				&#13;				hAPI.setCardValue(&quot;rellamado___&quot; + subindicesHijos[i], &quot;0&quot;);&#13;			&#13;			}		&#13;			&#13;		}	&#13;			&#13;	}&#13;	&#13;	hAPI.setCardValue(&quot;modificacionDatos&quot;, &quot;0&quot;);&#13;&#13;}</string> 
      </void> 
      <void property="workflowProcessEventPK"> 
       <object class="com.datasul.technology.webdesk.workflow.model.WorkflowProcessEventPK"> 
        <void property="companyId"> 
         <int>1</int> 
        </void> 
        <void property="eventId"> 
         <string>beforeTaskSave</string> 
        </void> 
        <void property="processId"> 
         <string>RAF03</string> 
        </void> 
        <void property="version"> 
         <int>17</int> 
        </void> 
       </object> 
      </void> 
     </object> 
    </void> 
    <void method="add"> 
     <object class="com.datasul.technology.webdesk.workflow.model.WorkflowProcessEvent"> 
      <void property="eventDescription"> 
       <string>function proximoNumero(codigoNumerador) {&#13;	&#13;	var currentDate = new Date();&#13;	var year = currentDate.getFullYear();&#13;&#13;	codigoNumerador = codigoNumerador + &quot;_&quot; + year;&#13;	&#13;	&#13;    var connection, preparedStatement, resultSet;&#13;    var proximoNumero = 0;&#13;&#13;    try {&#13;&#13;		connection = new javax.naming.InitialContext().lookup(&quot;jdbc/webdeskDS&quot;).getConnection();   &#13;		&#13;		preparedStatement = connection.prepareStatement(&quot;SELECT CODIGO, PROXIMONUMERO FROM CUSTOM_NUMERADOR WITH (UPDLOCK) WHERE CODIGO = ? &quot;, java.sql.ResultSet.TYPE_SCROLL_SENSITIVE, java.sql.ResultSet.CONCUR_UPDATABLE);&#13;		preparedStatement.setString(1, codigoNumerador);&#13;		resultSet = preparedStatement.executeQuery();&#13;	 &#13;		if (resultSet.next()) {&#13;	&#13;			proximoNumero = resultSet.getLong(&quot;PROXIMONUMERO&quot;);&#13;			resultSet.updateLong(&quot;PROXIMONUMERO&quot;, proximoNumero + 1);&#13;			resultSet.updateRow();&#13;				&#13;		}               &#13;		&#13;	  } finally {&#13;	    if (preparedStatement != null) { preparedStatement.close(); }&#13;        if (connection != null) { connection.close(); }&#13;    }&#13;&#13;    return proximoNumero + &quot;/&quot; + year;&#13;&#13;}&#13;&#13;/*&#13; * Envia un correo &quot;custom&quot; en base a un layout registrado a una lista de mails destino.&#13; * &#13; * El parametro mailsDestino tiene que se un array de correos electronicos.&#13; * El parametro data tiene que se un Map con los parametros pasados al layout&#13; *&#13; */&#13;function enviarCorreoCustom(companyId, mailsDestino, subject, idTemplate, archivoTemplate, mimeType, data) {&#13;&#13;	var globalParamBIClazz = java.lang.Class.forName(&quot;com.datasul.technology.webdesk.foundation.business.GlobalParamBI&quot;);&#13;	var globalParamPK = new com.datasul.technology.webdesk.foundation.model.GlobalParamPK(companyId);&#13;	var globalParamBI = com.datasul.technology.webdesk.util.ServiceLocator.getInstance().locate(globalParamBIClazz);&#13;	var globalParam = globalParamBI.read(globalParamPK);&#13;&#13;	// Agrego Parametros necesarios para el layout	&#13;	data.put(&quot;WDK_VirtualDir&quot;, globalParamBI.getWebdeskURL(companyId) + &quot;/&quot; + globalParam.getVirtualFolder());&#13;	data.put(&quot;WDK_CompanyId&quot;, companyId);	&#13;	&#13;	var from = &quot;procesobpm@raffo.com.ar&quot;;&#13;	var templateDir = globalParam.getTemplatesFolder() + &quot;/tplmail/&quot; + idTemplate + &quot;/es&quot;;&#13;	var mailSender = com.datasul.technology.webdesk.util.EMailSenderFactory.getEMailSender();&#13;&#13;	var huboError = false;&#13;	var msgError = &quot;&quot;;&#13;	&#13;	for(var i = 0; i &lt; mailsDestino.length; i++) { &#13;		var to = mailsDestino[i];&#13;		try {&#13;			mailSender.customEmail(subject, from, to, templateDir, archivoTemplate,mimeType,data);&#13;		} catch (ex) {&#13;			msgError = &quot;Error enviando mail a &apos;&quot; + to + &quot;&apos; :&quot; + ex.message; &#13;			log.error(msgError);&#13;			// Guardo el ultimo error&#13;			huboError = true;			&#13;		}&#13;		&#13;	}&#13;	&#13;	if (huboError) {&#13;		throw msgError;&#13;	}&#13;		&#13;}&#13;</string> 
      </void> 
      <void property="workflowProcessEventPK"> 
       <object class="com.datasul.technology.webdesk.workflow.model.WorkflowProcessEventPK"> 
        <void property="companyId"> 
         <int>1</int> 
        </void> 
        <void property="eventId"> 
         <string>customizaciones</string> 
        </void> 
        <void property="processId"> 
         <string>RAF03</string> 
        </void> 
        <void property="version"> 
         <int>17</int> 
        </void> 
       </object> 
      </void> 
     </object> 
    </void> 
   </object> 
  </void> 
  <void method="add"> 
   <object class="java.util.ArrayList"/> 
  </void> 
  <void method="add"> 
   <object class="java.util.ArrayList"> 
    <void method="add"> 
     <object class="com.datasul.technology.webdesk.workflow.model.SwimLane"> 
      <void property="color"> 
       <string>FFFFCC</string> 
      </void> 
      <void property="height"> 
       <int>529</int> 
      </void> 
      <void property="positionY"> 
       <int>0</int> 
      </void> 
      <void property="stateName"> 
       <string>Asistente de Farmacovigilancia</string> 
      </void> 
      <void property="swimLanePK"> 
       <object class="com.datasul.technology.webdesk.workflow.model.SwimLanePK"> 
        <void property="companyId"> 
         <int>1</int> 
        </void> 
        <void property="processId"> 
         <string>RAF03</string> 
        </void> 
        <void property="sequence"> 
         <int>1</int> 
        </void> 
        <void property="version"> 
         <int>17</int> 
        </void> 
       </object> 
      </void> 
     </object> 
    </void> 
   </object> 
  </void> 
  <void method="add"> 
   <object class="java.util.ArrayList"> 
    <void method="add"> 
     <object class="com.datasul.technology.webdesk.workflow.model.ProcessComponGraf"> 
      <void property="componType"> 
       <int>1</int> 
      </void> 
      <void property="positionX"> 
       <int>154</int> 
      </void> 
      <void property="positionY"> 
       <int>332</int> 
      </void> 
      <void property="processComponGrafPK"> 
       <object class="com.datasul.technology.webdesk.workflow.model.ProcessComponGrafPK"> 
        <void property="companyId"> 
         <int>1</int> 
        </void> 
        <void property="componGrafSequence"> 
         <int>1</int> 
        </void> 
        <void property="processId"> 
         <string>RAF03</string> 
        </void> 
        <void property="version"> 
         <int>17</int> 
        </void> 
       </object> 
      </void> 
      <void property="stateName"> 
       <string>El asistente de Farmacovigilancia 
da de alta la solicitud con N consultas.

Al hacer click en &apos;Enviar&apos; se crean N 
solicitudes del proceso de Atención 
de Consultas.</string> 
      </void> 
     </object> 
    </void> 
    <void method="add"> 
     <object class="com.datasul.technology.webdesk.workflow.model.ProcessComponGraf"> 
      <void property="componType"> 
       <int>1</int> 
      </void> 
      <void property="positionX"> 
       <int>216</int> 
      </void> 
      <void property="positionY"> 
       <int>13</int> 
      </void> 
      <void property="processComponGrafPK"> 
       <object class="com.datasul.technology.webdesk.workflow.model.ProcessComponGrafPK"> 
        <void property="companyId"> 
         <int>1</int> 
        </void> 
        <void property="componGrafSequence"> 
         <int>2</int> 
        </void> 
        <void property="processId"> 
         <string>RAF03</string> 
        </void> 
        <void property="version"> 
         <int>17</int> 
        </void> 
       </object> 
      </void> 
      <void property="stateName"> 
       <string>Se asigna la tarea al pool de asistentes 
de farmacovigilancia para modificar 
datos del cliente o agregar comentarios 
por llamadas reiteradas.</string> 
      </void> 
     </object> 
    </void> 
    <void method="add"> 
     <object class="com.datasul.technology.webdesk.workflow.model.ProcessComponGraf"> 
      <void property="componType"> 
       <int>1</int> 
      </void> 
      <void property="positionX"> 
       <int>918</int> 
      </void> 
      <void property="positionY"> 
       <int>339</int> 
      </void> 
      <void property="processComponGrafPK"> 
       <object class="com.datasul.technology.webdesk.workflow.model.ProcessComponGrafPK"> 
        <void property="companyId"> 
         <int>1</int> 
        </void> 
        <void property="componGrafSequence"> 
         <int>3</int> 
        </void> 
        <void property="processId"> 
         <string>RAF03</string> 
        </void> 
        <void property="version"> 
         <int>17</int> 
        </void> 
       </object> 
      </void> 
      <void property="stateName"> 
       <string>Si todas las consultas del llamado 
fueron atendidas y revisadas se 
cierra el proceso de Registro de 
Consultas.</string> 
      </void> 
     </object> 
    </void> 
    <void method="add"> 
     <object class="com.datasul.technology.webdesk.workflow.model.ProcessComponGraf"> 
      <void property="componType"> 
       <int>1</int> 
      </void> 
      <void property="positionX"> 
       <int>539</int> 
      </void> 
      <void property="positionY"> 
       <int>327</int> 
      </void> 
      <void property="processComponGrafPK"> 
       <object class="com.datasul.technology.webdesk.workflow.model.ProcessComponGrafPK"> 
        <void property="companyId"> 
         <int>1</int> 
        </void> 
        <void property="componGrafSequence"> 
         <int>4</int> 
        </void> 
        <void property="processId"> 
         <string>RAF03</string> 
        </void> 
        <void property="version"> 
         <int>17</int> 
        </void> 
       </object> 
      </void> 
      <void property="stateName"> 
       <string>Cuando se modifican los datos del cliente o se 
agrega una llamada reiterada se envia un mail 
a cada usuario que tenga asignada una solicitud
del proceso de Atención de Consultas.</string> 
      </void> 
     </object> 
    </void> 
   </object> 
  </void> 
  <void method="add"> 
   <object class="java.util.ArrayList"> 
    <void method="add"> 
     <object class="com.datasul.technology.webdesk.workflow.model.ProcessLinkAssoc"> 
      <void property="finalStateSequence"> 
       <int>1</int> 
      </void> 
      <void property="initialStateSequence"> 
       <int>1</int> 
      </void> 
      <void property="processLinkAssocPK"> 
       <object class="com.datasul.technology.webdesk.workflow.model.ProcessLinkAssocPK"> 
        <void property="companyId"> 
         <int>1</int> 
        </void> 
        <void property="linkSequence"> 
         <int>1</int> 
        </void> 
        <void property="processId"> 
         <string>RAF03</string> 
        </void> 
        <void property="version"> 
         <int>17</int> 
        </void> 
       </object> 
      </void> 
     </object> 
    </void> 
    <void method="add"> 
     <object class="com.datasul.technology.webdesk.workflow.model.ProcessLinkAssoc"> 
      <void property="finalStateSequence"> 
       <int>2</int> 
      </void> 
      <void property="initialStateSequence"> 
       <int>2</int> 
      </void> 
      <void property="processLinkAssocPK"> 
       <object class="com.datasul.technology.webdesk.workflow.model.ProcessLinkAssocPK"> 
        <void property="companyId"> 
         <int>1</int> 
        </void> 
        <void property="linkSequence"> 
         <int>2</int> 
        </void> 
        <void property="processId"> 
         <string>RAF03</string> 
        </void> 
        <void property="version"> 
         <int>17</int> 
        </void> 
       </object> 
      </void> 
     </object> 
    </void> 
    <void method="add"> 
     <object class="com.datasul.technology.webdesk.workflow.model.ProcessLinkAssoc"> 
      <void property="finalStateSequence"> 
       <int>5</int> 
      </void> 
      <void property="initialStateSequence"> 
       <int>3</int> 
      </void> 
      <void property="processLinkAssocPK"> 
       <object class="com.datasul.technology.webdesk.workflow.model.ProcessLinkAssocPK"> 
        <void property="companyId"> 
         <int>1</int> 
        </void> 
        <void property="linkSequence"> 
         <int>3</int> 
        </void> 
        <void property="processId"> 
         <string>RAF03</string> 
        </void> 
        <void property="version"> 
         <int>17</int> 
        </void> 
       </object> 
      </void> 
     </object> 
    </void> 
    <void method="add"> 
     <object class="com.datasul.technology.webdesk.workflow.model.ProcessLinkAssoc"> 
      <void property="finalStateSequence"> 
       <int>2</int> 
      </void> 
      <void property="initialStateSequence"> 
       <int>4</int> 
      </void> 
      <void property="processLinkAssocPK"> 
       <object class="com.datasul.technology.webdesk.workflow.model.ProcessLinkAssocPK"> 
        <void property="companyId"> 
         <int>1</int> 
        </void> 
        <void property="linkSequence"> 
         <int>5</int> 
        </void> 
        <void property="processId"> 
         <string>RAF03</string> 
        </void> 
        <void property="version"> 
         <int>17</int> 
        </void> 
       </object> 
      </void> 
     </object> 
    </void> 
   </object> 
  </void> 
 </object> 
</java>