<?xml version="1.0" encoding="UTF-8"?> 
<java version="1.6.0_26" class="java.beans.XMLDecoder"> 
 <object class="java.util.ArrayList"> 
  <void method="add"> 
   <object class="com.datasul.technology.webdesk.workflow.model.ProcessDefinition"> 
    <void property="active"> 
     <boolean>true</boolean> 
    </void> 
    <void property="baseDay"> 
     <int>0</int> 
    </void> 
    <void property="baseMonth"> 
     <int>0</int> 
    </void> 
    <void property="instruction"> 
     <string></string> 
    </void> 
    <void property="periodId"> 
     <string>Default</string> 
    </void> 
    <void property="processDefinitionPK"> 
     <object class="com.datasul.technology.webdesk.workflow.model.ProcessDefinitionPK"> 
      <void property="companyId"> 
       <int>1</int> 
      </void> 
      <void property="processId"> 
       <string>RAF05</string> 
      </void> 
     </object> 
    </void> 
    <void property="processDescription"> 
     <string>RAF-Solicitud de Puesto</string> 
    </void> 
    <void property="publicProcess"> 
     <boolean>false</boolean> 
    </void> 
    <void property="snapshotFrequency"> 
     <int>0</int> 
    </void> 
    <void property="volumeId"> 
     <string>Default</string> 
    </void> 
   </object> 
  </void> 
  <void method="add"> 
   <object class="com.datasul.technology.webdesk.workflow.model.ProcessDefinitionVersion"> 
    <void property="active"> 
     <boolean>false</boolean> 
    </void> 
    <void property="editionMode"> 
     <boolean>true</boolean> 
    </void> 
    <void property="formId"> 
     <int>0</int> 
    </void> 
    <void property="processDefinitionVersionPK"> 
     <object class="com.datasul.technology.webdesk.workflow.model.ProcessDefinitionVersionPK"> 
      <void property="companyId"> 
       <int>1</int> 
      </void> 
      <void property="processId"> 
       <string>RAF05</string> 
      </void> 
      <void property="version"> 
       <int>1</int> 
      </void> 
     </object> 
    </void> 
    <void property="versionDescription"> 
     <string></string> 
    </void> 
   </object> 
  </void> 
  <void method="add"> 
   <object class="java.util.ArrayList"> 
    <void method="add"> 
     <object class="com.datasul.technology.webdesk.workflow.model.ProcessState"> 
      <void property="allowanceAuthorityTime"> 
       <int>3600</int> 
      </void> 
      <void property="engineAllocationConfiguration"> 
       <string></string> 
      </void> 
      <void property="engineAllocationId"> 
       <string></string> 
      </void> 
      <void id="Integer0" property="allowanceAuthorityhours"/> 
      <void property="frequenceAuthorityHours"> 
       <object idref="Integer0"/> 
      </void> 
      <void property="inhibitTransfer"> 
       <boolean>false</boolean> 
      </void> 
      <void property="initialState"> 
       <boolean>true</boolean> 
      </void> 
      <void property="instruction"> 
       <string></string> 
      </void> 
      <void property="joint"> 
       <boolean>false</boolean> 
      </void> 
      <void property="notifyAuthorityDelay"> 
       <boolean>true</boolean> 
      </void> 
      <void property="notifyAuthorityFollowUp"> 
       <boolean>true</boolean> 
      </void> 
      <void property="notifyManagerDelay"> 
       <boolean>false</boolean> 
      </void> 
      <void property="notifyManagerFollowUp"> 
       <boolean>false</boolean> 
      </void> 
      <void property="notifyPoolFollowUp"> 
       <boolean>false</boolean> 
      </void> 
      <void property="notifyRequisitionerDelay"> 
       <boolean>false</boolean> 
      </void> 
      <void property="notifyRequisitionerFollowUp"> 
       <boolean>false</boolean> 
      </void> 
      <void property="periodId"> 
       <string></string> 
      </void> 
      <void property="positionX"> 
       <int>69</int> 
      </void> 
      <void property="positionY"> 
       <int>50</int> 
      </void> 
      <void property="processStatePK"> 
       <object class="com.datasul.technology.webdesk.workflow.model.ProcessStatePK"> 
        <void property="companyId"> 
         <int>1</int> 
        </void> 
        <void property="processId"> 
         <string>RAF05</string> 
        </void> 
        <void property="sequence"> 
         <int>1</int> 
        </void> 
        <void property="version"> 
         <int>1</int> 
        </void> 
       </object> 
      </void> 
      <void property="stateDescription"> 
       <string>Iniciar Solicitar de Puesto</string> 
      </void> 
      <void property="stateName"> 
       <string>Iniciar Solicitar de Puesto</string> 
      </void> 
      <void property="subProcessId"> 
       <string></string> 
      </void> 
      <void property="transferAttachments"> 
       <boolean>false</boolean> 
      </void> 
     </object> 
    </void> 
    <void method="add"> 
     <object class="com.datasul.technology.webdesk.workflow.model.ProcessState"> 
      <void property="allowanceAuthorityTime"> 
       <int>3600</int> 
      </void> 
      <void property="engineAllocationConfiguration"> 
       <string></string> 
      </void> 
      <void property="engineAllocationId"> 
       <string></string> 
      </void> 
      <void property="frequenceAuthorityHours"> 
       <object idref="Integer0"/> 
      </void> 
      <void property="inhibitTransfer"> 
       <boolean>false</boolean> 
      </void> 
      <void property="initialState"> 
       <boolean>false</boolean> 
      </void> 
      <void property="instruction"> 
       <string></string> 
      </void> 
      <void property="joint"> 
       <boolean>false</boolean> 
      </void> 
      <void property="notifyAuthorityDelay"> 
       <boolean>true</boolean> 
      </void> 
      <void property="notifyAuthorityFollowUp"> 
       <boolean>true</boolean> 
      </void> 
      <void property="notifyManagerDelay"> 
       <boolean>false</boolean> 
      </void> 
      <void property="notifyManagerFollowUp"> 
       <boolean>false</boolean> 
      </void> 
      <void property="notifyPoolFollowUp"> 
       <boolean>false</boolean> 
      </void> 
      <void property="notifyRequisitionerDelay"> 
       <boolean>false</boolean> 
      </void> 
      <void property="notifyRequisitionerFollowUp"> 
       <boolean>false</boolean> 
      </void> 
      <void property="periodId"> 
       <string></string> 
      </void> 
      <void property="positionX"> 
       <int>136</int> 
      </void> 
      <void property="positionY"> 
       <int>179</int> 
      </void> 
      <void property="processStatePK"> 
       <object class="com.datasul.technology.webdesk.workflow.model.ProcessStatePK"> 
        <void property="companyId"> 
         <int>1</int> 
        </void> 
        <void property="processId"> 
         <string>RAF05</string> 
        </void> 
        <void property="sequence"> 
         <int>2</int> 
        </void> 
        <void property="version"> 
         <int>1</int> 
        </void> 
       </object> 
      </void> 
      <void property="stateDescription"> 
       <string>Revisar y Relevar Perfil</string> 
      </void> 
      <void property="stateName"> 
       <string>Revisar y Relevar Perfil</string> 
      </void> 
      <void property="subProcessId"> 
       <string></string> 
      </void> 
      <void property="transferAttachments"> 
       <boolean>false</boolean> 
      </void> 
     </object> 
    </void> 
    <void method="add"> 
     <object class="com.datasul.technology.webdesk.workflow.model.ProcessState"> 
      <void property="allowanceAuthorityTime"> 
       <int>3600</int> 
      </void> 
      <void property="engineAllocationConfiguration"> 
       <string></string> 
      </void> 
      <void property="engineAllocationId"> 
       <string></string> 
      </void> 
      <void property="frequenceAuthorityHours"> 
       <object idref="Integer0"/> 
      </void> 
      <void property="inhibitTransfer"> 
       <boolean>false</boolean> 
      </void> 
      <void property="initialState"> 
       <boolean>false</boolean> 
      </void> 
      <void property="instruction"> 
       <string></string> 
      </void> 
      <void property="joint"> 
       <boolean>false</boolean> 
      </void> 
      <void property="notifyAuthorityDelay"> 
       <boolean>true</boolean> 
      </void> 
      <void property="notifyAuthorityFollowUp"> 
       <boolean>true</boolean> 
      </void> 
      <void property="notifyManagerDelay"> 
       <boolean>false</boolean> 
      </void> 
      <void property="notifyManagerFollowUp"> 
       <boolean>false</boolean> 
      </void> 
      <void property="notifyPoolFollowUp"> 
       <boolean>false</boolean> 
      </void> 
      <void property="notifyRequisitionerDelay"> 
       <boolean>false</boolean> 
      </void> 
      <void property="notifyRequisitionerFollowUp"> 
       <boolean>false</boolean> 
      </void> 
      <void property="periodId"> 
       <string></string> 
      </void> 
      <void property="positionX"> 
       <int>92</int> 
      </void> 
      <void property="positionY"> 
       <int>327</int> 
      </void> 
      <void property="processStatePK"> 
       <object class="com.datasul.technology.webdesk.workflow.model.ProcessStatePK"> 
        <void property="companyId"> 
         <int>1</int> 
        </void> 
        <void property="processId"> 
         <string>RAF05</string> 
        </void> 
        <void property="sequence"> 
         <int>3</int> 
        </void> 
        <void property="version"> 
         <int>1</int> 
        </void> 
       </object> 
      </void> 
      <void property="stateDescription"> 
       <string>Completar Remuneraciones y Beneficios</string> 
      </void> 
      <void property="stateName"> 
       <string>Completar Remuneraciones y Beneficios</string> 
      </void> 
      <void property="subProcessId"> 
       <string></string> 
      </void> 
      <void property="transferAttachments"> 
       <boolean>false</boolean> 
      </void> 
     </object> 
    </void> 
    <void method="add"> 
     <object class="com.datasul.technology.webdesk.workflow.model.ProcessState"> 
      <void property="allowanceAuthorityTime"> 
       <int>3600</int> 
      </void> 
      <void property="engineAllocationConfiguration"> 
       <string></string> 
      </void> 
      <void property="engineAllocationId"> 
       <string></string> 
      </void> 
      <void property="frequenceAuthorityHours"> 
       <object idref="Integer0"/> 
      </void> 
      <void property="inhibitTransfer"> 
       <boolean>false</boolean> 
      </void> 
      <void property="initialState"> 
       <boolean>false</boolean> 
      </void> 
      <void property="instruction"> 
       <string></string> 
      </void> 
      <void property="joint"> 
       <boolean>false</boolean> 
      </void> 
      <void property="notifyAuthorityDelay"> 
       <boolean>true</boolean> 
      </void> 
      <void property="notifyAuthorityFollowUp"> 
       <boolean>true</boolean> 
      </void> 
      <void property="notifyManagerDelay"> 
       <boolean>false</boolean> 
      </void> 
      <void property="notifyManagerFollowUp"> 
       <boolean>false</boolean> 
      </void> 
      <void property="notifyPoolFollowUp"> 
       <boolean>false</boolean> 
      </void> 
      <void property="notifyRequisitionerDelay"> 
       <boolean>false</boolean> 
      </void> 
      <void property="notifyRequisitionerFollowUp"> 
       <boolean>false</boolean> 
      </void> 
      <void property="periodId"> 
       <string></string> 
      </void> 
      <void property="positionX"> 
       <int>464</int> 
      </void> 
      <void property="positionY"> 
       <int>186</int> 
      </void> 
      <void property="processStatePK"> 
       <object class="com.datasul.technology.webdesk.workflow.model.ProcessStatePK"> 
        <void property="companyId"> 
         <int>1</int> 
        </void> 
        <void property="processId"> 
         <string>RAF05</string> 
        </void> 
        <void property="sequence"> 
         <int>4</int> 
        </void> 
        <void property="version"> 
         <int>1</int> 
        </void> 
       </object> 
      </void> 
      <void property="stateDescription"> 
       <string>Revisar y Confirmar Perfil</string> 
      </void> 
      <void property="stateName"> 
       <string>Revisar y Confirmar Perfil</string> 
      </void> 
      <void property="subProcessId"> 
       <string></string> 
      </void> 
      <void property="transferAttachments"> 
       <boolean>false</boolean> 
      </void> 
     </object> 
    </void> 
    <void method="add"> 
     <object class="com.datasul.technology.webdesk.workflow.model.ProcessState"> 
      <void property="allowanceAuthorityTime"> 
       <int>3600</int> 
      </void> 
      <void property="engineAllocationConfiguration"> 
       <string></string> 
      </void> 
      <void property="engineAllocationId"> 
       <string></string> 
      </void> 
      <void property="frequenceAuthorityHours"> 
       <object idref="Integer0"/> 
      </void> 
      <void property="inhibitTransfer"> 
       <boolean>false</boolean> 
      </void> 
      <void property="initialState"> 
       <boolean>false</boolean> 
      </void> 
      <void property="instruction"> 
       <string></string> 
      </void> 
      <void property="joint"> 
       <boolean>false</boolean> 
      </void> 
      <void property="notifyAuthorityDelay"> 
       <boolean>true</boolean> 
      </void> 
      <void property="notifyAuthorityFollowUp"> 
       <boolean>true</boolean> 
      </void> 
      <void property="notifyManagerDelay"> 
       <boolean>false</boolean> 
      </void> 
      <void property="notifyManagerFollowUp"> 
       <boolean>false</boolean> 
      </void> 
      <void property="notifyPoolFollowUp"> 
       <boolean>false</boolean> 
      </void> 
      <void property="notifyRequisitionerDelay"> 
       <boolean>false</boolean> 
      </void> 
      <void property="notifyRequisitionerFollowUp"> 
       <boolean>false</boolean> 
      </void> 
      <void property="periodId"> 
       <string></string> 
      </void> 
      <void property="positionX"> 
       <int>630</int> 
      </void> 
      <void property="positionY"> 
       <int>352</int> 
      </void> 
      <void property="processStatePK"> 
       <object class="com.datasul.technology.webdesk.workflow.model.ProcessStatePK"> 
        <void property="companyId"> 
         <int>1</int> 
        </void> 
        <void property="processId"> 
         <string>RAF05</string> 
        </void> 
        <void property="sequence"> 
         <int>5</int> 
        </void> 
        <void property="version"> 
         <int>1</int> 
        </void> 
       </object> 
      </void> 
      <void property="stateDescription"> 
       <string>Solicitud de Puesto Cancelada</string> 
      </void> 
      <void property="stateName"> 
       <string>Solicitud de Puesto Cancelada</string> 
      </void> 
      <void property="subProcessId"> 
       <string></string> 
      </void> 
      <void property="transferAttachments"> 
       <boolean>false</boolean> 
      </void> 
     </object> 
    </void> 
    <void method="add"> 
     <object class="com.datasul.technology.webdesk.workflow.model.ProcessState"> 
      <void property="allowanceAuthorityTime"> 
       <int>3600</int> 
      </void> 
      <void property="engineAllocationConfiguration"> 
       <string></string> 
      </void> 
      <void property="engineAllocationId"> 
       <string></string> 
      </void> 
      <void property="frequenceAuthorityHours"> 
       <object idref="Integer0"/> 
      </void> 
      <void property="inhibitTransfer"> 
       <boolean>false</boolean> 
      </void> 
      <void property="initialState"> 
       <boolean>false</boolean> 
      </void> 
      <void property="instruction"> 
       <string></string> 
      </void> 
      <void property="joint"> 
       <boolean>false</boolean> 
      </void> 
      <void property="notifyAuthorityDelay"> 
       <boolean>true</boolean> 
      </void> 
      <void property="notifyAuthorityFollowUp"> 
       <boolean>true</boolean> 
      </void> 
      <void property="notifyManagerDelay"> 
       <boolean>false</boolean> 
      </void> 
      <void property="notifyManagerFollowUp"> 
       <boolean>false</boolean> 
      </void> 
      <void property="notifyPoolFollowUp"> 
       <boolean>false</boolean> 
      </void> 
      <void property="notifyRequisitionerDelay"> 
       <boolean>false</boolean> 
      </void> 
      <void property="notifyRequisitionerFollowUp"> 
       <boolean>false</boolean> 
      </void> 
      <void property="periodId"> 
       <string></string> 
      </void> 
      <void property="positionX"> 
       <int>376</int> 
      </void> 
      <void property="positionY"> 
       <int>37</int> 
      </void> 
      <void property="processStatePK"> 
       <object class="com.datasul.technology.webdesk.workflow.model.ProcessStatePK"> 
        <void property="companyId"> 
         <int>1</int> 
        </void> 
        <void property="processId"> 
         <string>RAF05</string> 
        </void> 
        <void property="sequence"> 
         <int>6</int> 
        </void> 
        <void property="version"> 
         <int>1</int> 
        </void> 
       </object> 
      </void> 
      <void property="stateDescription"> 
       <string>Jefe - Aprobar Solicitud de Puesto</string> 
      </void> 
      <void property="stateName"> 
       <string>Jefe - Aprobar Solicitud de Puesto</string> 
      </void> 
      <void property="subProcessId"> 
       <string></string> 
      </void> 
      <void property="transferAttachments"> 
       <boolean>false</boolean> 
      </void> 
     </object> 
    </void> 
    <void method="add"> 
     <object class="com.datasul.technology.webdesk.workflow.model.ProcessState"> 
      <void property="allowanceAuthorityTime"> 
       <int>3600</int> 
      </void> 
      <void property="engineAllocationConfiguration"> 
       <string></string> 
      </void> 
      <void property="engineAllocationId"> 
       <string></string> 
      </void> 
      <void property="frequenceAuthorityHours"> 
       <object idref="Integer0"/> 
      </void> 
      <void property="inhibitTransfer"> 
       <boolean>false</boolean> 
      </void> 
      <void property="initialState"> 
       <boolean>false</boolean> 
      </void> 
      <void property="instruction"> 
       <string></string> 
      </void> 
      <void property="joint"> 
       <boolean>false</boolean> 
      </void> 
      <void property="notifyAuthorityDelay"> 
       <boolean>true</boolean> 
      </void> 
      <void property="notifyAuthorityFollowUp"> 
       <boolean>true</boolean> 
      </void> 
      <void property="notifyManagerDelay"> 
       <boolean>false</boolean> 
      </void> 
      <void property="notifyManagerFollowUp"> 
       <boolean>false</boolean> 
      </void> 
      <void property="notifyPoolFollowUp"> 
       <boolean>false</boolean> 
      </void> 
      <void property="notifyRequisitionerDelay"> 
       <boolean>false</boolean> 
      </void> 
      <void property="notifyRequisitionerFollowUp"> 
       <boolean>false</boolean> 
      </void> 
      <void property="periodId"> 
       <string></string> 
      </void> 
      <void property="positionX"> 
       <int>728</int> 
      </void> 
      <void property="positionY"> 
       <int>35</int> 
      </void> 
      <void property="processStatePK"> 
       <object class="com.datasul.technology.webdesk.workflow.model.ProcessStatePK"> 
        <void property="companyId"> 
         <int>1</int> 
        </void> 
        <void property="processId"> 
         <string>RAF05</string> 
        </void> 
        <void property="sequence"> 
         <int>7</int> 
        </void> 
        <void property="version"> 
         <int>1</int> 
        </void> 
       </object> 
      </void> 
      <void property="stateDescription"> 
       <string>Descripción *</string> 
      </void> 
      <void property="stateName"> 
       <string>Gerente N-2 - Aprobar Solicitud de Puesto</string> 
      </void> 
      <void property="subProcessId"> 
       <string></string> 
      </void> 
      <void property="transferAttachments"> 
       <boolean>false</boolean> 
      </void> 
     </object> 
    </void> 
    <void method="add"> 
     <object class="com.datasul.technology.webdesk.workflow.model.ProcessState"> 
      <void property="allowanceAuthorityTime"> 
       <int>3600</int> 
      </void> 
      <void property="engineAllocationConfiguration"> 
       <string></string> 
      </void> 
      <void property="engineAllocationId"> 
       <string></string> 
      </void> 
      <void property="frequenceAuthorityHours"> 
       <object idref="Integer0"/> 
      </void> 
      <void property="inhibitTransfer"> 
       <boolean>false</boolean> 
      </void> 
      <void property="initialState"> 
       <boolean>false</boolean> 
      </void> 
      <void property="instruction"> 
       <string></string> 
      </void> 
      <void property="joint"> 
       <boolean>false</boolean> 
      </void> 
      <void property="notifyAuthorityDelay"> 
       <boolean>true</boolean> 
      </void> 
      <void property="notifyAuthorityFollowUp"> 
       <boolean>true</boolean> 
      </void> 
      <void property="notifyManagerDelay"> 
       <boolean>false</boolean> 
      </void> 
      <void property="notifyManagerFollowUp"> 
       <boolean>false</boolean> 
      </void> 
      <void property="notifyPoolFollowUp"> 
       <boolean>false</boolean> 
      </void> 
      <void property="notifyRequisitionerDelay"> 
       <boolean>false</boolean> 
      </void> 
      <void property="notifyRequisitionerFollowUp"> 
       <boolean>false</boolean> 
      </void> 
      <void property="periodId"> 
       <string></string> 
      </void> 
      <void property="positionX"> 
       <int>808</int> 
      </void> 
      <void property="positionY"> 
       <int>197</int> 
      </void> 
      <void property="processStatePK"> 
       <object class="com.datasul.technology.webdesk.workflow.model.ProcessStatePK"> 
        <void property="companyId"> 
         <int>1</int> 
        </void> 
        <void property="processId"> 
         <string>RAF05</string> 
        </void> 
        <void property="sequence"> 
         <int>8</int> 
        </void> 
        <void property="version"> 
         <int>1</int> 
        </void> 
       </object> 
      </void> 
      <void property="stateDescription"> 
       <string>Cancelar Solicitud de Puesto</string> 
      </void> 
      <void property="stateName"> 
       <string>Cancelar Solicitud de Puesto</string> 
      </void> 
      <void property="subProcessId"> 
       <string></string> 
      </void> 
      <void property="transferAttachments"> 
       <boolean>false</boolean> 
      </void> 
     </object> 
    </void> 
    <void method="add"> 
     <object class="com.datasul.technology.webdesk.workflow.model.ProcessState"> 
      <void property="allowanceAuthorityTime"> 
       <int>3600</int> 
      </void> 
      <void property="engineAllocationConfiguration"> 
       <string></string> 
      </void> 
      <void property="engineAllocationId"> 
       <string></string> 
      </void> 
      <void property="frequenceAuthorityHours"> 
       <object idref="Integer0"/> 
      </void> 
      <void property="inhibitTransfer"> 
       <boolean>false</boolean> 
      </void> 
      <void property="initialState"> 
       <boolean>false</boolean> 
      </void> 
      <void property="instruction"> 
       <string></string> 
      </void> 
      <void property="joint"> 
       <boolean>false</boolean> 
      </void> 
      <void property="notifyAuthorityDelay"> 
       <boolean>true</boolean> 
      </void> 
      <void property="notifyAuthorityFollowUp"> 
       <boolean>true</boolean> 
      </void> 
      <void property="notifyManagerDelay"> 
       <boolean>false</boolean> 
      </void> 
      <void property="notifyManagerFollowUp"> 
       <boolean>false</boolean> 
      </void> 
      <void property="notifyPoolFollowUp"> 
       <boolean>false</boolean> 
      </void> 
      <void property="notifyRequisitionerDelay"> 
       <boolean>false</boolean> 
      </void> 
      <void property="notifyRequisitionerFollowUp"> 
       <boolean>false</boolean> 
      </void> 
      <void property="periodId"> 
       <string></string> 
      </void> 
      <void property="positionX"> 
       <int>1174</int> 
      </void> 
      <void property="positionY"> 
       <int>24</int> 
      </void> 
      <void property="processStatePK"> 
       <object class="com.datasul.technology.webdesk.workflow.model.ProcessStatePK"> 
        <void property="companyId"> 
         <int>1</int> 
        </void> 
        <void property="processId"> 
         <string>RAF05</string> 
        </void> 
        <void property="sequence"> 
         <int>9</int> 
        </void> 
        <void property="version"> 
         <int>1</int> 
        </void> 
       </object> 
      </void> 
      <void property="stateDescription"> 
       <string>Gerente N-1 - Aprobar Solicitud de Puesto</string> 
      </void> 
      <void property="stateName"> 
       <string>Gerente N-1 - Aprobar Solicitud de Puesto</string> 
      </void> 
      <void property="subProcessId"> 
       <string></string> 
      </void> 
      <void property="transferAttachments"> 
       <boolean>false</boolean> 
      </void> 
     </object> 
    </void> 
    <void method="add"> 
     <object class="com.datasul.technology.webdesk.workflow.model.ProcessState"> 
      <void property="allowanceAuthorityTime"> 
       <int>3600</int> 
      </void> 
      <void property="engineAllocationConfiguration"> 
       <string></string> 
      </void> 
      <void property="engineAllocationId"> 
       <string></string> 
      </void> 
      <void property="frequenceAuthorityHours"> 
       <object idref="Integer0"/> 
      </void> 
      <void property="inhibitTransfer"> 
       <boolean>false</boolean> 
      </void> 
      <void property="initialState"> 
       <boolean>false</boolean> 
      </void> 
      <void property="instruction"> 
       <string></string> 
      </void> 
      <void property="joint"> 
       <boolean>false</boolean> 
      </void> 
      <void property="notifyAuthorityDelay"> 
       <boolean>true</boolean> 
      </void> 
      <void property="notifyAuthorityFollowUp"> 
       <boolean>true</boolean> 
      </void> 
      <void property="notifyManagerDelay"> 
       <boolean>false</boolean> 
      </void> 
      <void property="notifyManagerFollowUp"> 
       <boolean>false</boolean> 
      </void> 
      <void property="notifyPoolFollowUp"> 
       <boolean>false</boolean> 
      </void> 
      <void property="notifyRequisitionerDelay"> 
       <boolean>false</boolean> 
      </void> 
      <void property="notifyRequisitionerFollowUp"> 
       <boolean>false</boolean> 
      </void> 
      <void property="periodId"> 
       <string></string> 
      </void> 
      <void property="positionX"> 
       <int>1548</int> 
      </void> 
      <void property="positionY"> 
       <int>166</int> 
      </void> 
      <void property="processStatePK"> 
       <object class="com.datasul.technology.webdesk.workflow.model.ProcessStatePK"> 
        <void property="companyId"> 
         <int>1</int> 
        </void> 
        <void property="processId"> 
         <string>RAF05</string> 
        </void> 
        <void property="sequence"> 
         <int>10</int> 
        </void> 
        <void property="version"> 
         <int>1</int> 
        </void> 
       </object> 
      </void> 
      <void property="stateDescription"> 
       <string>Realizar Proceso de Selección</string> 
      </void> 
      <void property="stateName"> 
       <string>Realizar Proceso de Selección</string> 
      </void> 
      <void property="subProcessId"> 
       <string></string> 
      </void> 
      <void property="transferAttachments"> 
       <boolean>false</boolean> 
      </void> 
     </object> 
    </void> 
    <void method="add"> 
     <object class="com.datasul.technology.webdesk.workflow.model.ProcessState"> 
      <void property="allowanceAuthorityTime"> 
       <int>3600</int> 
      </void> 
      <void property="engineAllocationConfiguration"> 
       <string></string> 
      </void> 
      <void property="engineAllocationId"> 
       <string></string> 
      </void> 
      <void property="frequenceAuthorityHours"> 
       <object idref="Integer0"/> 
      </void> 
      <void property="inhibitTransfer"> 
       <boolean>false</boolean> 
      </void> 
      <void property="initialState"> 
       <boolean>false</boolean> 
      </void> 
      <void property="instruction"> 
       <string></string> 
      </void> 
      <void property="joint"> 
       <boolean>false</boolean> 
      </void> 
      <void property="notifyAuthorityDelay"> 
       <boolean>true</boolean> 
      </void> 
      <void property="notifyAuthorityFollowUp"> 
       <boolean>true</boolean> 
      </void> 
      <void property="notifyManagerDelay"> 
       <boolean>false</boolean> 
      </void> 
      <void property="notifyManagerFollowUp"> 
       <boolean>false</boolean> 
      </void> 
      <void property="notifyPoolFollowUp"> 
       <boolean>false</boolean> 
      </void> 
      <void property="notifyRequisitionerDelay"> 
       <boolean>false</boolean> 
      </void> 
      <void property="notifyRequisitionerFollowUp"> 
       <boolean>false</boolean> 
      </void> 
      <void property="periodId"> 
       <string></string> 
      </void> 
      <void property="positionX"> 
       <int>1843</int> 
      </void> 
      <void property="positionY"> 
       <int>162</int> 
      </void> 
      <void property="processStatePK"> 
       <object class="com.datasul.technology.webdesk.workflow.model.ProcessStatePK"> 
        <void property="companyId"> 
         <int>1</int> 
        </void> 
        <void property="processId"> 
         <string>RAF05</string> 
        </void> 
        <void property="sequence"> 
         <int>11</int> 
        </void> 
        <void property="version"> 
         <int>1</int> 
        </void> 
       </object> 
      </void> 
      <void property="stateDescription"> 
       <string>Proceso de Selección Finalizado</string> 
      </void> 
      <void property="stateName"> 
       <string>Proceso de Selección Finalizado</string> 
      </void> 
      <void property="subProcessId"> 
       <string></string> 
      </void> 
      <void property="transferAttachments"> 
       <boolean>false</boolean> 
      </void> 
     </object> 
    </void> 
    <void method="add"> 
     <object class="com.datasul.technology.webdesk.workflow.model.ProcessState"> 
      <void property="automatic"> 
       <boolean>true</boolean> 
      </void> 
      <void property="engineAllocationConfiguration"> 
       <string></string> 
      </void> 
      <void property="engineAllocationId"> 
       <string></string> 
      </void> 
      <void property="inhibitTransfer"> 
       <boolean>false</boolean> 
      </void> 
      <void property="initialState"> 
       <boolean>false</boolean> 
      </void> 
      <void property="instruction"> 
       <string></string> 
      </void> 
      <void property="joint"> 
       <boolean>false</boolean> 
      </void> 
      <void property="notifyAuthorityDelay"> 
       <boolean>false</boolean> 
      </void> 
      <void property="notifyAuthorityFollowUp"> 
       <boolean>false</boolean> 
      </void> 
      <void property="notifyManagerDelay"> 
       <boolean>false</boolean> 
      </void> 
      <void property="notifyManagerFollowUp"> 
       <boolean>false</boolean> 
      </void> 
      <void property="notifyPoolFollowUp"> 
       <boolean>false</boolean> 
      </void> 
      <void property="notifyRequisitionerDelay"> 
       <boolean>false</boolean> 
      </void> 
      <void property="notifyRequisitionerFollowUp"> 
       <boolean>false</boolean> 
      </void> 
      <void property="periodId"> 
       <string></string> 
      </void> 
      <void property="positionX"> 
       <int>318</int> 
      </void> 
      <void property="positionY"> 
       <int>11</int> 
      </void> 
      <void property="processStatePK"> 
       <object class="com.datasul.technology.webdesk.workflow.model.ProcessStatePK"> 
        <void property="companyId"> 
         <int>1</int> 
        </void> 
        <void property="processId"> 
         <string>RAF05</string> 
        </void> 
        <void property="sequence"> 
         <int>12</int> 
        </void> 
        <void property="version"> 
         <int>1</int> 
        </void> 
       </object> 
      </void> 
      <void property="stateDescription"> 
       <string>Requiere Aprobación Jefe</string> 
      </void> 
      <void property="stateName"> 
       <string>Requiere Aprobación Jefe</string> 
      </void> 
      <void property="subProcessId"> 
       <string></string> 
      </void> 
      <void property="transferAttachments"> 
       <boolean>false</boolean> 
      </void> 
     </object> 
    </void> 
    <void method="add"> 
     <object class="com.datasul.technology.webdesk.workflow.model.ProcessState"> 
      <void property="automatic"> 
       <boolean>true</boolean> 
      </void> 
      <void property="engineAllocationConfiguration"> 
       <string></string> 
      </void> 
      <void property="engineAllocationId"> 
       <string></string> 
      </void> 
      <void property="inhibitTransfer"> 
       <boolean>false</boolean> 
      </void> 
      <void property="initialState"> 
       <boolean>false</boolean> 
      </void> 
      <void property="instruction"> 
       <string></string> 
      </void> 
      <void property="joint"> 
       <boolean>false</boolean> 
      </void> 
      <void property="notifyAuthorityDelay"> 
       <boolean>false</boolean> 
      </void> 
      <void property="notifyAuthorityFollowUp"> 
       <boolean>false</boolean> 
      </void> 
      <void property="notifyManagerDelay"> 
       <boolean>false</boolean> 
      </void> 
      <void property="notifyManagerFollowUp"> 
       <boolean>false</boolean> 
      </void> 
      <void property="notifyPoolFollowUp"> 
       <boolean>false</boolean> 
      </void> 
      <void property="notifyRequisitionerDelay"> 
       <boolean>false</boolean> 
      </void> 
      <void property="notifyRequisitionerFollowUp"> 
       <boolean>false</boolean> 
      </void> 
      <void property="periodId"> 
       <string></string> 
      </void> 
      <void property="positionX"> 
       <int>678</int> 
      </void> 
      <void property="positionY"> 
       <int>53</int> 
      </void> 
      <void property="processStatePK"> 
       <object class="com.datasul.technology.webdesk.workflow.model.ProcessStatePK"> 
        <void property="companyId"> 
         <int>1</int> 
        </void> 
        <void property="processId"> 
         <string>RAF05</string> 
        </void> 
        <void property="sequence"> 
         <int>13</int> 
        </void> 
        <void property="version"> 
         <int>1</int> 
        </void> 
       </object> 
      </void> 
      <void property="stateDescription"> 
       <string>Requiere Aprobación Gerente N-2</string> 
      </void> 
      <void property="stateName"> 
       <string>Requiere Aprobación Gerente N-2</string> 
      </void> 
      <void property="subProcessId"> 
       <string></string> 
      </void> 
      <void property="transferAttachments"> 
       <boolean>false</boolean> 
      </void> 
     </object> 
    </void> 
    <void method="add"> 
     <object class="com.datasul.technology.webdesk.workflow.model.ProcessState"> 
      <void property="automatic"> 
       <boolean>true</boolean> 
      </void> 
      <void property="engineAllocationConfiguration"> 
       <string></string> 
      </void> 
      <void property="engineAllocationId"> 
       <string></string> 
      </void> 
      <void property="inhibitTransfer"> 
       <boolean>false</boolean> 
      </void> 
      <void property="initialState"> 
       <boolean>false</boolean> 
      </void> 
      <void property="instruction"> 
       <string></string> 
      </void> 
      <void property="joint"> 
       <boolean>false</boolean> 
      </void> 
      <void property="notifyAuthorityDelay"> 
       <boolean>false</boolean> 
      </void> 
      <void property="notifyAuthorityFollowUp"> 
       <boolean>false</boolean> 
      </void> 
      <void property="notifyManagerDelay"> 
       <boolean>false</boolean> 
      </void> 
      <void property="notifyManagerFollowUp"> 
       <boolean>false</boolean> 
      </void> 
      <void property="notifyPoolFollowUp"> 
       <boolean>false</boolean> 
      </void> 
      <void property="notifyRequisitionerDelay"> 
       <boolean>false</boolean> 
      </void> 
      <void property="notifyRequisitionerFollowUp"> 
       <boolean>false</boolean> 
      </void> 
      <void property="periodId"> 
       <string></string> 
      </void> 
      <void property="positionX"> 
       <int>1056</int> 
      </void> 
      <void property="positionY"> 
       <int>57</int> 
      </void> 
      <void property="processStatePK"> 
       <object class="com.datasul.technology.webdesk.workflow.model.ProcessStatePK"> 
        <void property="companyId"> 
         <int>1</int> 
        </void> 
        <void property="processId"> 
         <string>RAF05</string> 
        </void> 
        <void property="sequence"> 
         <int>14</int> 
        </void> 
        <void property="version"> 
         <int>1</int> 
        </void> 
       </object> 
      </void> 
      <void property="stateDescription"> 
       <string>Requiere Aprobación Gerente N-1</string> 
      </void> 
      <void property="stateName"> 
       <string>Requiere Aprobación Gerente N-1</string> 
      </void> 
      <void property="subProcessId"> 
       <string></string> 
      </void> 
      <void property="transferAttachments"> 
       <boolean>false</boolean> 
      </void> 
     </object> 
    </void> 
    <void method="add"> 
     <object class="com.datasul.technology.webdesk.workflow.model.ProcessState"> 
      <void property="allowanceAuthorityTime"> 
       <int>3600</int> 
      </void> 
      <void property="engineAllocationConfiguration"> 
       <string></string> 
      </void> 
      <void property="engineAllocationId"> 
       <string></string> 
      </void> 
      <void property="frequenceAuthorityHours"> 
       <object idref="Integer0"/> 
      </void> 
      <void property="inhibitTransfer"> 
       <boolean>false</boolean> 
      </void> 
      <void property="initialState"> 
       <boolean>false</boolean> 
      </void> 
      <void property="instruction"> 
       <string></string> 
      </void> 
      <void property="joint"> 
       <boolean>false</boolean> 
      </void> 
      <void property="notifyAuthorityDelay"> 
       <boolean>true</boolean> 
      </void> 
      <void property="notifyAuthorityFollowUp"> 
       <boolean>true</boolean> 
      </void> 
      <void property="notifyManagerDelay"> 
       <boolean>false</boolean> 
      </void> 
      <void property="notifyManagerFollowUp"> 
       <boolean>false</boolean> 
      </void> 
      <void property="notifyPoolFollowUp"> 
       <boolean>false</boolean> 
      </void> 
      <void property="notifyRequisitionerDelay"> 
       <boolean>false</boolean> 
      </void> 
      <void property="notifyRequisitionerFollowUp"> 
       <boolean>false</boolean> 
      </void> 
      <void property="periodId"> 
       <string></string> 
      </void> 
      <void property="positionX"> 
       <int>1553</int> 
      </void> 
      <void property="positionY"> 
       <int>27</int> 
      </void> 
      <void property="processStatePK"> 
       <object class="com.datasul.technology.webdesk.workflow.model.ProcessStatePK"> 
        <void property="companyId"> 
         <int>1</int> 
        </void> 
        <void property="processId"> 
         <string>RAF05</string> 
        </void> 
        <void property="sequence"> 
         <int>15</int> 
        </void> 
        <void property="version"> 
         <int>1</int> 
        </void> 
       </object> 
      </void> 
      <void property="stateDescription"> 
       <string>Aprobar Solicitud de Puesto (Gte. Gral.)</string> 
      </void> 
      <void property="stateName"> 
       <string>Aprobar Solicitud de Puesto (Gte. Gral.)</string> 
      </void> 
      <void property="subProcessId"> 
       <string></string> 
      </void> 
      <void property="transferAttachments"> 
       <boolean>false</boolean> 
      </void> 
     </object> 
    </void> 
   </object> 
  </void> 
  <void method="add"> 
   <object class="java.util.ArrayList"/> 
  </void> 
  <void method="add"> 
   <object class="java.util.ArrayList"> 
    <void method="add"> 
     <object class="com.datasul.technology.webdesk.workflow.model.ProcessLink"> 
      <void property="actionLabel"> 
       <string> </string> 
      </void> 
      <void property="finalStateSequence"> 
       <int>2</int> 
      </void> 
      <void property="initialStateSequence"> 
       <int>1</int> 
      </void> 
      <void property="processLinkPK"> 
       <object class="com.datasul.technology.webdesk.workflow.model.ProcessLinkPK"> 
        <void property="companyId"> 
         <int>1</int> 
        </void> 
        <void property="linkSequence"> 
         <int>1</int> 
        </void> 
        <void property="processId"> 
         <string>RAF05</string> 
        </void> 
        <void property="version"> 
         <int>1</int> 
        </void> 
       </object> 
      </void> 
      <void property="returnLabel"> 
       <string> </string> 
      </void> 
      <void property="returnPermited"> 
       <boolean>true</boolean> 
      </void> 
     </object> 
    </void> 
    <void method="add"> 
     <object class="com.datasul.technology.webdesk.workflow.model.ProcessLink"> 
      <void property="actionLabel"> 
       <string> </string> 
      </void> 
      <void property="finalStateSequence"> 
       <int>3</int> 
      </void> 
      <void property="initialStateSequence"> 
       <int>2</int> 
      </void> 
      <void property="processLinkPK"> 
       <object class="com.datasul.technology.webdesk.workflow.model.ProcessLinkPK"> 
        <void property="companyId"> 
         <int>1</int> 
        </void> 
        <void property="linkSequence"> 
         <int>2</int> 
        </void> 
        <void property="processId"> 
         <string>RAF05</string> 
        </void> 
        <void property="version"> 
         <int>1</int> 
        </void> 
       </object> 
      </void> 
      <void property="returnLabel"> 
       <string> </string> 
      </void> 
      <void property="returnPermited"> 
       <boolean>true</boolean> 
      </void> 
     </object> 
    </void> 
    <void method="add"> 
     <object class="com.datasul.technology.webdesk.workflow.model.ProcessLink"> 
      <void property="actionLabel"> 
       <string> </string> 
      </void> 
      <void property="finalStateSequence"> 
       <int>4</int> 
      </void> 
      <void property="initialStateSequence"> 
       <int>3</int> 
      </void> 
      <void property="processLinkPK"> 
       <object class="com.datasul.technology.webdesk.workflow.model.ProcessLinkPK"> 
        <void property="companyId"> 
         <int>1</int> 
        </void> 
        <void property="linkSequence"> 
         <int>3</int> 
        </void> 
        <void property="processId"> 
         <string>RAF05</string> 
        </void> 
        <void property="version"> 
         <int>1</int> 
        </void> 
       </object> 
      </void> 
      <void property="returnLabel"> 
       <string> </string> 
      </void> 
      <void property="returnPermited"> 
       <boolean>false</boolean> 
      </void> 
     </object> 
    </void> 
    <void method="add"> 
     <object class="com.datasul.technology.webdesk.workflow.model.ProcessLink"> 
      <void property="actionLabel"> 
       <string> </string> 
      </void> 
      <void property="finalStateSequence"> 
       <int>5</int> 
      </void> 
      <void property="initialStateSequence"> 
       <int>4</int> 
      </void> 
      <void property="processLinkPK"> 
       <object class="com.datasul.technology.webdesk.workflow.model.ProcessLinkPK"> 
        <void property="companyId"> 
         <int>1</int> 
        </void> 
        <void property="linkSequence"> 
         <int>4</int> 
        </void> 
        <void property="processId"> 
         <string>RAF05</string> 
        </void> 
        <void property="version"> 
         <int>1</int> 
        </void> 
       </object> 
      </void> 
      <void property="returnLabel"> 
       <string> </string> 
      </void> 
      <void property="returnPermited"> 
       <boolean>false</boolean> 
      </void> 
     </object> 
    </void> 
    <void method="add"> 
     <object class="com.datasul.technology.webdesk.workflow.model.ProcessLink"> 
      <void property="actionLabel"> 
       <string> </string> 
      </void> 
      <void property="finalStateSequence"> 
       <int>3</int> 
      </void> 
      <void property="initialStateSequence"> 
       <int>4</int> 
      </void> 
      <void property="processLinkPK"> 
       <object class="com.datasul.technology.webdesk.workflow.model.ProcessLinkPK"> 
        <void property="companyId"> 
         <int>1</int> 
        </void> 
        <void property="linkSequence"> 
         <int>6</int> 
        </void> 
        <void property="processId"> 
         <string>RAF05</string> 
        </void> 
        <void property="version"> 
         <int>1</int> 
        </void> 
       </object> 
      </void> 
      <void property="returnLabel"> 
       <string> </string> 
      </void> 
      <void property="returnPermited"> 
       <boolean>false</boolean> 
      </void> 
     </object> 
    </void> 
    <void method="add"> 
     <object class="com.datasul.technology.webdesk.workflow.model.ProcessLink"> 
      <void property="actionLabel"> 
       <string> </string> 
      </void> 
      <void property="finalStateSequence"> 
       <int>7</int> 
      </void> 
      <void property="initialStateSequence"> 
       <int>6</int> 
      </void> 
      <void property="processLinkPK"> 
       <object class="com.datasul.technology.webdesk.workflow.model.ProcessLinkPK"> 
        <void property="companyId"> 
         <int>1</int> 
        </void> 
        <void property="linkSequence"> 
         <int>7</int> 
        </void> 
        <void property="processId"> 
         <string>RAF05</string> 
        </void> 
        <void property="version"> 
         <int>1</int> 
        </void> 
       </object> 
      </void> 
      <void property="returnLabel"> 
       <string> </string> 
      </void> 
      <void property="returnPermited"> 
       <boolean>false</boolean> 
      </void> 
     </object> 
    </void> 
    <void method="add"> 
     <object class="com.datasul.technology.webdesk.workflow.model.ProcessLink"> 
      <void property="actionLabel"> 
       <string> </string> 
      </void> 
      <void property="finalStateSequence"> 
       <int>5</int> 
      </void> 
      <void property="initialStateSequence"> 
       <int>2</int> 
      </void> 
      <void property="processLinkPK"> 
       <object class="com.datasul.technology.webdesk.workflow.model.ProcessLinkPK"> 
        <void property="companyId"> 
         <int>1</int> 
        </void> 
        <void property="linkSequence"> 
         <int>8</int> 
        </void> 
        <void property="processId"> 
         <string>RAF05</string> 
        </void> 
        <void property="version"> 
         <int>1</int> 
        </void> 
       </object> 
      </void> 
      <void property="returnLabel"> 
       <string> </string> 
      </void> 
      <void property="returnPermited"> 
       <boolean>false</boolean> 
      </void> 
     </object> 
    </void> 
    <void method="add"> 
     <object class="com.datasul.technology.webdesk.workflow.model.ProcessLink"> 
      <void property="actionLabel"> 
       <string> </string> 
      </void> 
      <void property="finalStateSequence"> 
       <int>8</int> 
      </void> 
      <void property="initialStateSequence"> 
       <int>6</int> 
      </void> 
      <void property="processLinkPK"> 
       <object class="com.datasul.technology.webdesk.workflow.model.ProcessLinkPK"> 
        <void property="companyId"> 
         <int>1</int> 
        </void> 
        <void property="linkSequence"> 
         <int>9</int> 
        </void> 
        <void property="processId"> 
         <string>RAF05</string> 
        </void> 
        <void property="version"> 
         <int>1</int> 
        </void> 
       </object> 
      </void> 
      <void property="returnLabel"> 
       <string> </string> 
      </void> 
      <void property="returnPermited"> 
       <boolean>false</boolean> 
      </void> 
     </object> 
    </void> 
    <void method="add"> 
     <object class="com.datasul.technology.webdesk.workflow.model.ProcessLink"> 
      <void property="actionLabel"> 
       <string> </string> 
      </void> 
      <void property="finalStateSequence"> 
       <int>5</int> 
      </void> 
      <void property="initialStateSequence"> 
       <int>8</int> 
      </void> 
      <void property="processLinkPK"> 
       <object class="com.datasul.technology.webdesk.workflow.model.ProcessLinkPK"> 
        <void property="companyId"> 
         <int>1</int> 
        </void> 
        <void property="linkSequence"> 
         <int>10</int> 
        </void> 
        <void property="processId"> 
         <string>RAF05</string> 
        </void> 
        <void property="version"> 
         <int>1</int> 
        </void> 
       </object> 
      </void> 
      <void property="returnLabel"> 
       <string> </string> 
      </void> 
      <void property="returnPermited"> 
       <boolean>false</boolean> 
      </void> 
     </object> 
    </void> 
    <void method="add"> 
     <object class="com.datasul.technology.webdesk.workflow.model.ProcessLink"> 
      <void property="actionLabel"> 
       <string> </string> 
      </void> 
      <void property="finalStateSequence"> 
       <int>9</int> 
      </void> 
      <void property="initialStateSequence"> 
       <int>7</int> 
      </void> 
      <void property="processLinkPK"> 
       <object class="com.datasul.technology.webdesk.workflow.model.ProcessLinkPK"> 
        <void property="companyId"> 
         <int>1</int> 
        </void> 
        <void property="linkSequence"> 
         <int>11</int> 
        </void> 
        <void property="processId"> 
         <string>RAF05</string> 
        </void> 
        <void property="version"> 
         <int>1</int> 
        </void> 
       </object> 
      </void> 
      <void property="returnLabel"> 
       <string> </string> 
      </void> 
      <void property="returnPermited"> 
       <boolean>false</boolean> 
      </void> 
     </object> 
    </void> 
    <void method="add"> 
     <object class="com.datasul.technology.webdesk.workflow.model.ProcessLink"> 
      <void property="actionLabel"> 
       <string> </string> 
      </void> 
      <void property="finalStateSequence"> 
       <int>8</int> 
      </void> 
      <void property="initialStateSequence"> 
       <int>7</int> 
      </void> 
      <void property="processLinkPK"> 
       <object class="com.datasul.technology.webdesk.workflow.model.ProcessLinkPK"> 
        <void property="companyId"> 
         <int>1</int> 
        </void> 
        <void property="linkSequence"> 
         <int>12</int> 
        </void> 
        <void property="processId"> 
         <string>RAF05</string> 
        </void> 
        <void property="version"> 
         <int>1</int> 
        </void> 
       </object> 
      </void> 
      <void property="returnLabel"> 
       <string> </string> 
      </void> 
      <void property="returnPermited"> 
       <boolean>false</boolean> 
      </void> 
     </object> 
    </void> 
    <void method="add"> 
     <object class="com.datasul.technology.webdesk.workflow.model.ProcessLink"> 
      <void property="actionLabel"> 
       <string> </string> 
      </void> 
      <void property="finalStateSequence"> 
       <int>8</int> 
      </void> 
      <void property="initialStateSequence"> 
       <int>9</int> 
      </void> 
      <void property="processLinkPK"> 
       <object class="com.datasul.technology.webdesk.workflow.model.ProcessLinkPK"> 
        <void property="companyId"> 
         <int>1</int> 
        </void> 
        <void property="linkSequence"> 
         <int>13</int> 
        </void> 
        <void property="processId"> 
         <string>RAF05</string> 
        </void> 
        <void property="version"> 
         <int>1</int> 
        </void> 
       </object> 
      </void> 
      <void property="returnLabel"> 
       <string> </string> 
      </void> 
      <void property="returnPermited"> 
       <boolean>false</boolean> 
      </void> 
     </object> 
    </void> 
    <void method="add"> 
     <object class="com.datasul.technology.webdesk.workflow.model.ProcessLink"> 
      <void property="actionLabel"> 
       <string> </string> 
      </void> 
      <void property="finalStateSequence"> 
       <int>4</int> 
      </void> 
      <void property="initialStateSequence"> 
       <int>7</int> 
      </void> 
      <void property="processLinkPK"> 
       <object class="com.datasul.technology.webdesk.workflow.model.ProcessLinkPK"> 
        <void property="companyId"> 
         <int>1</int> 
        </void> 
        <void property="linkSequence"> 
         <int>14</int> 
        </void> 
        <void property="processId"> 
         <string>RAF05</string> 
        </void> 
        <void property="version"> 
         <int>1</int> 
        </void> 
       </object> 
      </void> 
      <void property="returnLabel"> 
       <string> </string> 
      </void> 
      <void property="returnPermited"> 
       <boolean>false</boolean> 
      </void> 
     </object> 
    </void> 
    <void method="add"> 
     <object class="com.datasul.technology.webdesk.workflow.model.ProcessLink"> 
      <void property="actionLabel"> 
       <string> </string> 
      </void> 
      <void property="finalStateSequence"> 
       <int>4</int> 
      </void> 
      <void property="initialStateSequence"> 
       <int>9</int> 
      </void> 
      <void property="processLinkPK"> 
       <object class="com.datasul.technology.webdesk.workflow.model.ProcessLinkPK"> 
        <void property="companyId"> 
         <int>1</int> 
        </void> 
        <void property="linkSequence"> 
         <int>15</int> 
        </void> 
        <void property="processId"> 
         <string>RAF05</string> 
        </void> 
        <void property="version"> 
         <int>1</int> 
        </void> 
       </object> 
      </void> 
      <void property="returnLabel"> 
       <string> </string> 
      </void> 
      <void property="returnPermited"> 
       <boolean>false</boolean> 
      </void> 
     </object> 
    </void> 
    <void method="add"> 
     <object class="com.datasul.technology.webdesk.workflow.model.ProcessLink"> 
      <void property="actionLabel"> 
       <string> </string> 
      </void> 
      <void property="finalStateSequence"> 
       <int>11</int> 
      </void> 
      <void property="initialStateSequence"> 
       <int>10</int> 
      </void> 
      <void property="processLinkPK"> 
       <object class="com.datasul.technology.webdesk.workflow.model.ProcessLinkPK"> 
        <void property="companyId"> 
         <int>1</int> 
        </void> 
        <void property="linkSequence"> 
         <int>17</int> 
        </void> 
        <void property="processId"> 
         <string>RAF05</string> 
        </void> 
        <void property="version"> 
         <int>1</int> 
        </void> 
       </object> 
      </void> 
      <void property="returnLabel"> 
       <string> </string> 
      </void> 
      <void property="returnPermited"> 
       <boolean>false</boolean> 
      </void> 
     </object> 
    </void> 
    <void method="add"> 
     <object class="com.datasul.technology.webdesk.workflow.model.ProcessLink"> 
      <void property="actionLabel"> 
       <string> </string> 
      </void> 
      <void property="finalStateSequence"> 
       <int>12</int> 
      </void> 
      <void property="initialStateSequence"> 
       <int>4</int> 
      </void> 
      <void property="processLinkPK"> 
       <object class="com.datasul.technology.webdesk.workflow.model.ProcessLinkPK"> 
        <void property="companyId"> 
         <int>1</int> 
        </void> 
        <void property="linkSequence"> 
         <int>18</int> 
        </void> 
        <void property="processId"> 
         <string>RAF05</string> 
        </void> 
        <void property="version"> 
         <int>1</int> 
        </void> 
       </object> 
      </void> 
      <void property="returnLabel"> 
       <string> </string> 
      </void> 
      <void property="returnPermited"> 
       <boolean>false</boolean> 
      </void> 
     </object> 
    </void> 
    <void method="add"> 
     <object class="com.datasul.technology.webdesk.workflow.model.ProcessLink"> 
      <void property="actionLabel"> 
       <string> </string> 
      </void> 
      <void property="finalStateSequence"> 
       <int>6</int> 
      </void> 
      <void property="initialStateSequence"> 
       <int>12</int> 
      </void> 
      <void property="processLinkPK"> 
       <object class="com.datasul.technology.webdesk.workflow.model.ProcessLinkPK"> 
        <void property="companyId"> 
         <int>1</int> 
        </void> 
        <void property="linkSequence"> 
         <int>19</int> 
        </void> 
        <void property="processId"> 
         <string>RAF05</string> 
        </void> 
        <void property="version"> 
         <int>1</int> 
        </void> 
       </object> 
      </void> 
      <void property="returnLabel"> 
       <string> </string> 
      </void> 
      <void property="returnPermited"> 
       <boolean>false</boolean> 
      </void> 
     </object> 
    </void> 
    <void method="add"> 
     <object class="com.datasul.technology.webdesk.workflow.model.ProcessLink"> 
      <void property="actionLabel"> 
       <string> </string> 
      </void> 
      <void property="finalStateSequence"> 
       <int>4</int> 
      </void> 
      <void property="initialStateSequence"> 
       <int>6</int> 
      </void> 
      <void property="processLinkPK"> 
       <object class="com.datasul.technology.webdesk.workflow.model.ProcessLinkPK"> 
        <void property="companyId"> 
         <int>1</int> 
        </void> 
        <void property="linkSequence"> 
         <int>20</int> 
        </void> 
        <void property="processId"> 
         <string>RAF05</string> 
        </void> 
        <void property="version"> 
         <int>1</int> 
        </void> 
       </object> 
      </void> 
      <void property="returnLabel"> 
       <string> </string> 
      </void> 
      <void property="returnPermited"> 
       <boolean>false</boolean> 
      </void> 
     </object> 
    </void> 
    <void method="add"> 
     <object class="com.datasul.technology.webdesk.workflow.model.ProcessLink"> 
      <void property="actionLabel"> 
       <string> </string> 
      </void> 
      <void property="finalStateSequence"> 
       <int>13</int> 
      </void> 
      <void property="initialStateSequence"> 
       <int>12</int> 
      </void> 
      <void property="processLinkPK"> 
       <object class="com.datasul.technology.webdesk.workflow.model.ProcessLinkPK"> 
        <void property="companyId"> 
         <int>1</int> 
        </void> 
        <void property="linkSequence"> 
         <int>21</int> 
        </void> 
        <void property="processId"> 
         <string>RAF05</string> 
        </void> 
        <void property="version"> 
         <int>1</int> 
        </void> 
       </object> 
      </void> 
      <void property="returnLabel"> 
       <string> </string> 
      </void> 
      <void property="returnPermited"> 
       <boolean>false</boolean> 
      </void> 
     </object> 
    </void> 
    <void method="add"> 
     <object class="com.datasul.technology.webdesk.workflow.model.ProcessLink"> 
      <void property="actionLabel"> 
       <string> </string> 
      </void> 
      <void property="finalStateSequence"> 
       <int>7</int> 
      </void> 
      <void property="initialStateSequence"> 
       <int>13</int> 
      </void> 
      <void property="processLinkPK"> 
       <object class="com.datasul.technology.webdesk.workflow.model.ProcessLinkPK"> 
        <void property="companyId"> 
         <int>1</int> 
        </void> 
        <void property="linkSequence"> 
         <int>22</int> 
        </void> 
        <void property="processId"> 
         <string>RAF05</string> 
        </void> 
        <void property="version"> 
         <int>1</int> 
        </void> 
       </object> 
      </void> 
      <void property="returnLabel"> 
       <string> </string> 
      </void> 
      <void property="returnPermited"> 
       <boolean>false</boolean> 
      </void> 
     </object> 
    </void> 
    <void method="add"> 
     <object class="com.datasul.technology.webdesk.workflow.model.ProcessLink"> 
      <void property="actionLabel"> 
       <string> </string> 
      </void> 
      <void property="finalStateSequence"> 
       <int>14</int> 
      </void> 
      <void property="initialStateSequence"> 
       <int>13</int> 
      </void> 
      <void property="processLinkPK"> 
       <object class="com.datasul.technology.webdesk.workflow.model.ProcessLinkPK"> 
        <void property="companyId"> 
         <int>1</int> 
        </void> 
        <void property="linkSequence"> 
         <int>23</int> 
        </void> 
        <void property="processId"> 
         <string>RAF05</string> 
        </void> 
        <void property="version"> 
         <int>1</int> 
        </void> 
       </object> 
      </void> 
      <void property="returnLabel"> 
       <string> </string> 
      </void> 
      <void property="returnPermited"> 
       <boolean>false</boolean> 
      </void> 
     </object> 
    </void> 
    <void method="add"> 
     <object class="com.datasul.technology.webdesk.workflow.model.ProcessLink"> 
      <void property="actionLabel"> 
       <string> </string> 
      </void> 
      <void property="finalStateSequence"> 
       <int>9</int> 
      </void> 
      <void property="initialStateSequence"> 
       <int>14</int> 
      </void> 
      <void property="processLinkPK"> 
       <object class="com.datasul.technology.webdesk.workflow.model.ProcessLinkPK"> 
        <void property="companyId"> 
         <int>1</int> 
        </void> 
        <void property="linkSequence"> 
         <int>24</int> 
        </void> 
        <void property="processId"> 
         <string>RAF05</string> 
        </void> 
        <void property="version"> 
         <int>1</int> 
        </void> 
       </object> 
      </void> 
      <void property="returnLabel"> 
       <string> </string> 
      </void> 
      <void property="returnPermited"> 
       <boolean>false</boolean> 
      </void> 
     </object> 
    </void> 
    <void method="add"> 
     <object class="com.datasul.technology.webdesk.workflow.model.ProcessLink"> 
      <void property="actionLabel"> 
       <string> </string> 
      </void> 
      <void property="finalStateSequence"> 
       <int>15</int> 
      </void> 
      <void property="initialStateSequence"> 
       <int>14</int> 
      </void> 
      <void property="processLinkPK"> 
       <object class="com.datasul.technology.webdesk.workflow.model.ProcessLinkPK"> 
        <void property="companyId"> 
         <int>1</int> 
        </void> 
        <void property="linkSequence"> 
         <int>25</int> 
        </void> 
        <void property="processId"> 
         <string>RAF05</string> 
        </void> 
        <void property="version"> 
         <int>1</int> 
        </void> 
       </object> 
      </void> 
      <void property="returnLabel"> 
       <string> </string> 
      </void> 
      <void property="returnPermited"> 
       <boolean>false</boolean> 
      </void> 
     </object> 
    </void> 
    <void method="add"> 
     <object class="com.datasul.technology.webdesk.workflow.model.ProcessLink"> 
      <void property="actionLabel"> 
       <string> </string> 
      </void> 
      <void property="finalStateSequence"> 
       <int>10</int> 
      </void> 
      <void property="initialStateSequence"> 
       <int>15</int> 
      </void> 
      <void property="processLinkPK"> 
       <object class="com.datasul.technology.webdesk.workflow.model.ProcessLinkPK"> 
        <void property="companyId"> 
         <int>1</int> 
        </void> 
        <void property="linkSequence"> 
         <int>26</int> 
        </void> 
        <void property="processId"> 
         <string>RAF05</string> 
        </void> 
        <void property="version"> 
         <int>1</int> 
        </void> 
       </object> 
      </void> 
      <void property="returnLabel"> 
       <string> </string> 
      </void> 
      <void property="returnPermited"> 
       <boolean>false</boolean> 
      </void> 
     </object> 
    </void> 
    <void method="add"> 
     <object class="com.datasul.technology.webdesk.workflow.model.ProcessLink"> 
      <void property="actionLabel"> 
       <string> </string> 
      </void> 
      <void property="finalStateSequence"> 
       <int>15</int> 
      </void> 
      <void property="initialStateSequence"> 
       <int>9</int> 
      </void> 
      <void property="processLinkPK"> 
       <object class="com.datasul.technology.webdesk.workflow.model.ProcessLinkPK"> 
        <void property="companyId"> 
         <int>1</int> 
        </void> 
        <void property="linkSequence"> 
         <int>27</int> 
        </void> 
        <void property="processId"> 
         <string>RAF05</string> 
        </void> 
        <void property="version"> 
         <int>1</int> 
        </void> 
       </object> 
      </void> 
      <void property="returnLabel"> 
       <string> </string> 
      </void> 
      <void property="returnPermited"> 
       <boolean>false</boolean> 
      </void> 
     </object> 
    </void> 
   </object> 
  </void> 
  <void method="add"> 
   <object class="java.util.ArrayList"/> 
  </void> 
  <void method="add"> 
   <object class="java.util.ArrayList"/> 
  </void> 
  <void method="add"> 
   <object class="java.util.ArrayList"/> 
  </void> 
  <void method="add"> 
   <object class="java.util.ArrayList"> 
    <void method="add"> 
     <object class="com.datasul.technology.webdesk.workflow.model.SwimLane"> 
      <void property="color"> 
       <string>FFFFFF</string> 
      </void> 
      <void property="height"> 
       <int>138</int> 
      </void> 
      <void property="positionY"> 
       <int>0</int> 
      </void> 
      <void property="stateName"> 
       <string>Área Solicitante</string> 
      </void> 
      <void property="swimLanePK"> 
       <object class="com.datasul.technology.webdesk.workflow.model.SwimLanePK"> 
        <void property="companyId"> 
         <int>1</int> 
        </void> 
        <void property="processId"> 
         <string>RAF05</string> 
        </void> 
        <void property="sequence"> 
         <int>1</int> 
        </void> 
        <void property="version"> 
         <int>1</int> 
        </void> 
       </object> 
      </void> 
     </object> 
    </void> 
    <void method="add"> 
     <object class="com.datasul.technology.webdesk.workflow.model.SwimLane"> 
      <void property="color"> 
       <string>FFFFFF</string> 
      </void> 
      <void property="height"> 
       <int>136</int> 
      </void> 
      <void property="positionY"> 
       <int>137</int> 
      </void> 
      <void property="stateName"> 
       <string>Selección de Personal</string> 
      </void> 
      <void property="swimLanePK"> 
       <object class="com.datasul.technology.webdesk.workflow.model.SwimLanePK"> 
        <void property="companyId"> 
         <int>1</int> 
        </void> 
        <void property="processId"> 
         <string>RAF05</string> 
        </void> 
        <void property="sequence"> 
         <int>2</int> 
        </void> 
        <void property="version"> 
         <int>1</int> 
        </void> 
       </object> 
      </void> 
     </object> 
    </void> 
    <void method="add"> 
     <object class="com.datasul.technology.webdesk.workflow.model.SwimLane"> 
      <void property="color"> 
       <string>FFFFFF</string> 
      </void> 
      <void property="height"> 
       <int>156</int> 
      </void> 
      <void property="positionY"> 
       <int>273</int> 
      </void> 
      <void property="stateName"> 
       <string>Gerencia de Comp. y Adm. de Personal</string> 
      </void> 
      <void property="swimLanePK"> 
       <object class="com.datasul.technology.webdesk.workflow.model.SwimLanePK"> 
        <void property="companyId"> 
         <int>1</int> 
        </void> 
        <void property="processId"> 
         <string>RAF05</string> 
        </void> 
        <void property="sequence"> 
         <int>3</int> 
        </void> 
        <void property="version"> 
         <int>1</int> 
        </void> 
       </object> 
      </void> 
     </object> 
    </void> 
   </object> 
  </void> 
  <void method="add"> 
   <object class="java.util.ArrayList"> 
    <void method="add"> 
     <object class="com.datasul.technology.webdesk.workflow.model.ProcessComponGraf"> 
      <void property="componType"> 
       <int>1</int> 
      </void> 
      <void property="positionX"> 
       <int>735</int> 
      </void> 
      <void property="positionY"> 
       <int>322</int> 
      </void> 
      <void property="processComponGrafPK"> 
       <object class="com.datasul.technology.webdesk.workflow.model.ProcessComponGrafPK"> 
        <void property="companyId"> 
         <int>1</int> 
        </void> 
        <void property="componGrafSequence"> 
         <int>1</int> 
        </void> 
        <void property="processId"> 
         <string>RAF05</string> 
        </void> 
        <void property="version"> 
         <int>1</int> 
        </void> 
       </object> 
      </void> 
      <void property="stateName"> 
       <string>Solicitud de Puesto Cancelada</string> 
      </void> 
     </object> 
    </void> 
   </object> 
  </void> 
  <void method="add"> 
   <object class="java.util.ArrayList"> 
    <void method="add"> 
     <object class="com.datasul.technology.webdesk.workflow.model.ProcessLinkAssoc"> 
      <void property="finalStateSequence"> 
       <int>5</int> 
      </void> 
      <void property="initialStateSequence"> 
       <int>1</int> 
      </void> 
      <void property="processLinkAssocPK"> 
       <object class="com.datasul.technology.webdesk.workflow.model.ProcessLinkAssocPK"> 
        <void property="companyId"> 
         <int>1</int> 
        </void> 
        <void property="linkSequence"> 
         <int>1</int> 
        </void> 
        <void property="processId"> 
         <string>RAF05</string> 
        </void> 
        <void property="version"> 
         <int>1</int> 
        </void> 
       </object> 
      </void> 
     </object> 
    </void> 
   </object> 
  </void> 
 </object> 
</java>